Workbook

Sheet SIMOPS
A1: SIMOPS — Ordens programadas para o dia
A2: Fonte: aba BASELINE (colar a exportação atualizada em A:T). Só é preciso informar a data abaixo.
A3: Data de execução | D3: =TODAY()+1 | E3: =TEXT(D3,"dddd") | G3: Operações | I3: =COUNT($A$9:$A$158) | J3: Break-in | K3: =COUNTIF($J$9:$J$158,"SIM")
A4: Ordens encerradas ficam de fora | E4: ← D3 vem como amanhã (=HOJE()+1); digite outra data para sobrescrever | G4: Ordens | I4: =SUMPRODUCT(($B$9:$B$158<>"")/COUNTIF($B$9:$B$158,$B$9:$B$158&""))
G5: HH total | I5: =SUM($F$9:$F$158)
A6: =IF(CALC!$D$1>150,"ATENÇÃO: "&CALC!$D$1&" operações no dia, mas a lista mostra só 150. Estenda as fórmulas para baixo.","")
A8: # | B8: Ordem | C8: Op. | D8: Descrição da ordem | E8: Descrição da operação | F8: HH | G8: Centro de trabalho | H8: Local de instalação | I8: Denominação do LI | J8: Break-in | K8: lin
A9: =IF($K9="","",1) | B9: =IF($K9="","",IF(INDEX(BASELINE!$I$2:$I$3001,$K9)="","",INDEX(BASELINE!$I$2:$I$3001,$K9))) | C9: =IF($K9="","",IF(INDEX(BASELINE!$J$2:$J$3001,$K9)="","",INDEX(BASELINE!$J$2:$J$3001,$K9))) | D9: =IF($K9="","",IF(INDEX(BASELINE!$M$2:$M$3001,$K9)="","",INDEX(BASELINE!$M$2:$M$3001,$K9))) | E9: =IF($K9="","",IF(INDEX(BASELINE!$L$2:$L$3001,$K9)="","",INDEX(BASELINE!$L$2:$L$3001,$K9))) | F9: =IF($K9="","",IF(INDEX(BASELINE!$P$2:$P$3001,$K9)="","",INDEX(BASELINE!$P$2:$P$3001,$K9))) | G9: =IF($K9="","",IF(INDEX(BASELINE!$K$2:$K$3001,$K9)="","",INDEX(BASELINE!$K$2:$K$3001,$K9))) | H9: =IF($K9="","",IF(INDEX(BASELINE!$N$2:$N$3001,$K9)="","",INDEX(BASELINE!$N$2:$N$3001,$K9))) | I9: =IF($K9="","",IF(INDEX(BASELINE!$O$2:$O$3001,$K9)="","",INDEX(BASELINE!$O$2:$O$3001,$K9))) | J9: =IF($K9="","",IF(ISNUMBER(SEARCH("break",INDEX(BASELINE!$T$2:$T$3001,$K9)&"")),"SIM","")) | K9: =IF(1<=CALC!$D$1,MATCH(1,CALC!$B$2:$B$3001,0),"")
A10: =IF($K10="","",2) | B10: =IF($K10="","",IF(INDEX(BASELINE!$I$2:$I$3001,$K10)="","",INDEX(BASELINE!$I$2:$I$3001,$K10))) | C10: =IF($K10="","",IF(INDEX(BASELINE!$J$2:$J$3001,$K10)="","",INDEX(BASELINE!$J$2:$J$3001,$K10))) | D10: =IF($K10="","",IF(INDEX(BASELINE!$M$2:$M$3001,$K10)="","",INDEX(BASELINE!$M$2:$M$3001,$K10))) | E10: =IF($K10="","",IF(INDEX(BASELINE!$L$2:$L$3001,$K10)="","",INDEX(BASELINE!$L$2:$L$3001,$K10))) | F10: =IF($K10="","",IF(INDEX(BASELINE!$P$2:$P$3001,$K10)="","",INDEX(BASELINE!$P$2:$P$3001,$K10))) | G10: =IF($K10="","",IF(INDEX(BASELINE!$K$2:$K$3001,$K10)="","",INDEX(BASELINE!$K$2:$K$3001,$K10))) | H10: =IF($K10="","",IF(INDEX(BASELINE!$N$2:$N$3001,$K10)="","",INDEX(BASELINE!$N$2:$N$3001,$K10))) | I10: =IF($K10="","",IF(INDEX(BASELINE!$O$2:$O$3001,$K10)="","",INDEX(BASELINE!$O$2:$O$3001,$K10))) | J10: =IF($K10="","",IF(ISNUMBER(SEARCH("break",INDEX(BASELINE!$T$2:$T$3001,$K10)&"")),"SIM","")) | K10: =IF(2<=CALC!$D$1,MATCH(2,CALC!$B$2:$B$3001,0),"")
A11: =IF($K11="","",3) | B11: =IF($K11="","",IF(INDEX(BASELINE!$I$2:$I$3001,$K11)="","",INDEX(BASELINE!$I$2:$I$3001,$K11))) | C11: =IF($K11="","",IF(INDEX(BASELINE!$J$2:$J$3001,$K11)="","",INDEX(BASELINE!$J$2:$J$3001,$K11))) | D11: =IF($K11="","",IF(INDEX(BASELINE!$M$2:$M$3001,$K11)="","",INDEX(BASELINE!$M$2:$M$3001,$K11))) | E11: =IF($K11="","",IF(INDEX(BASELINE!$L$2:$L$3001,$K11)="","",INDEX(BASELINE!$L$2:$L$3001,$K11))) | F11: =IF($K11="","",IF(INDEX(BASELINE!$P$2:$P$3001,$K11)="","",INDEX(BASELINE!$P$2:$P$3001,$K11))) | G11: =IF($K11="","",IF(INDEX(BASELINE!$K$2:$K$3001,$K11)="","",INDEX(BASELINE!$K$2:$K$3001,$K11))) | H11: =IF($K11="","",IF(INDEX(BASELINE!$N$2:$N$3001,$K11)="","",INDEX(BASELINE!$N$2:$N$3001,$K11))) | I11: =IF($K11="","",IF(INDEX(BASELINE!$O$2:$O$3001,$K11)="","",INDEX(BASELINE!$O$2:$O$3001,$K11))) | J11: =IF($K11="","",IF(ISNUMBER(SEARCH("break",INDEX(BASELINE!$T$2:$T$3001,$K11)&"")),"SIM","")) | K11: =IF(3<=CALC!$D$1,MATCH(3,CALC!$B$2:$B$3001,0),"")
A12: =IF($K12="","",4) | B12: =IF($K12="","",IF(INDEX(BASELINE!$I$2:$I$3001,$K12)="","",INDEX(BASELINE!$I$2:$I$3001,$K12))) | C12: =IF($K12="","",IF(INDEX(BASELINE!$J$2:$J$3001,$K12)="","",INDEX(BASELINE!$J$2:$J$3001,$K12))) | D12: =IF($K12="","",IF(INDEX(BASELINE!$M$2:$M$3001,$K12)="","",INDEX(BASELINE!$M$2:$M$3001,$K12))) | E12: =IF($K12="","",IF(INDEX(BASELINE!$L$2:$L$3001,$K12)="","",INDEX(BASELINE!$L$2:$L$3001,$K12))) | F12: =IF($K12="","",IF(INDEX(BASELINE!$P$2:$P$3001,$K12)="","",INDEX(BASELINE!$P$2:$P$3001,$K12))) | G12: =IF($K12="","",IF(INDEX(BASELINE!$K$2:$K$3001,$K12)="","",INDEX(BASELINE!$K$2:$K$3001,$K12))) | H12: =IF($K12="","",IF(INDEX(BASELINE!$N$2:$N$3001,$K12)="","",INDEX(BASELINE!$N$2:$N$3001,$K12))) | I12: =IF($K12="","",IF(INDEX(BASELINE!$O$2:$O$3001,$K12)="","",INDEX(BASELINE!$O$2:$O$3001,$K12))) | J12: =IF($K12="","",IF(ISNUMBER(SEARCH("break",INDEX(BASELINE!$T$2:$T$3001,$K12)&"")),"SIM","")) | K12: =IF(4<=CALC!$D$1,MATCH(4,CALC!$B$2:$B$3001,0),"")
A13: =IF($K13="","",5) | B13: =IF($K13="","",IF(INDEX(BASELINE!$I$2:$I$3001,$K13)="","",INDEX(BASELINE!$I$2:$I$3001,$K13))) | C13: =IF($K13="","",IF(INDEX(BASELINE!$J$2:$J$3001,$K13)="","",INDEX(BASELINE!$J$2:$J$3001,$K13))) | D13: =IF($K13="","",IF(INDEX(BASELINE!$M$2:$M$3001,$K13)="","",INDEX(BASELINE!$M$2:$M$3001,$K13))) | E13: =IF($K13="","",IF(INDEX(BASELINE!$L$2:$L$3001,$K13)="","",INDEX(BASELINE!$L$2:$L$3001,$K13))) | F13: =IF($K13="","",IF(INDEX(BASELINE!$P$2:$P$3001,$K13)="","",INDEX(BASELINE!$P$2:$P$3001,$K13))) | G13: =IF($K13="","",IF(INDEX(BASELINE!$K$2:$K$3001,$K13)="","",INDEX(BASELINE!$K$2:$K$3001,$K13))) | H13: =IF($K13="","",IF(INDEX(BASELINE!$N$2:$N$3001,$K13)="","",INDEX(BASELINE!$N$2:$N$3001,$K13))) | I13: =IF($K13="","",IF(INDEX(BASELINE!$O$2:$O$3001,$K13)="","",INDEX(BASELINE!$O$2:$O$3001,$K13))) | J13: =IF($K13="","",IF(ISNUMBER(SEARCH("break",INDEX(BASELINE!$T$2:$T$3001,$K13)&"")),"SIM","")) | K13: =IF(5<=CALC!$D$1,MATCH(5,CALC!$B$2:$B$3001,0),"")
A14: =IF($K14="","",6) | B14: =IF($K14="","",IF(INDEX(BASELINE!$I$2:$I$3001,$K14)="","",INDEX(BASELINE!$I$2:$I$3001,$K14))) | C14: =IF($K14="","",IF(INDEX(BASELINE!$J$2:$J$3001,$K14)="","",INDEX(BASELINE!$J$2:$J$3001,$K14))) | D14: =IF($K14="","",IF(INDEX(BASELINE!$M$2:$M$3001,$K14)="","",INDEX(BASELINE!$M$2:$M$3001,$K14))) | E14: =IF($K14="","",IF(INDEX(BASELINE!$L$2:$L$3001,$K14)="","",INDEX(BASELINE!$L$2:$L$3001,$K14))) | F14: =IF($K14="","",IF(INDEX(BASELINE!$P$2:$P$3001,$K14)="","",INDEX(BASELINE!$P$2:$P$3001,$K14))) | G14: =IF($K14="","",IF(INDEX(BASELINE!$K$2:$K$3001,$K14)="","",INDEX(BASELINE!$K$2:$K$3001,$K14))) | H14: =IF($K14="","",IF(INDEX(BASELINE!$N$2:$N$3001,$K14)="","",INDEX(BASELINE!$N$2:$N$3001,$K14))) | I14: =IF($K14="","",IF(INDEX(BASELINE!$O$2:$O$3001,$K14)="","",INDEX(BASELINE!$O$2:$O$3001,$K14))) | J14: =IF($K14="","",IF(ISNUMBER(SEARCH("break",INDEX(BASELINE!$T$2:$T$3001,$K14)&"")),"SIM","")) | K14: =IF(6<=CALC!$D$1,MATCH(6,CALC!$B$2:$B$3001,0),"")
A15: =IF($K15="","",7) | B15: =IF($K15="","",IF(INDEX(BASELINE!$I$2:$I$3001,$K15)="","",INDEX(BASELINE!$I$2:$I$3001,$K15))) | C15: =IF($K15="","",IF(INDEX(BASELINE!$J$2:$J$3001,$K15)="","",INDEX(BASELINE!$J$2:$J$3001,$K15))) | D15: =IF($K15="","",IF(INDEX(BASELINE!$M$2:$M$3001,$K15)="","",INDEX(BASELINE!$M$2:$M$3001,$K15))) | E15: =IF($K15="","",IF(INDEX(BASELINE!$L$2:$L$3001,$K15)="","",INDEX(BASELINE!$L$2:$L$3001,$K15))) | F15: =IF($K15="","",IF(INDEX(BASELINE!$P$2:$P$3001,$K15)="","",INDEX(BASELINE!$P$2:$P$3001,$K15))) | G15: =IF($K15="","",IF(INDEX(BASELINE!$K$2:$K$3001,$K15)="","",INDEX(BASELINE!$K$2:$K$3001,$K15))) | H15: =IF($K15="","",IF(INDEX(BASELINE!$N$2:$N$3001,$K15)="","",INDEX(BASELINE!$N$2:$N$3001,$K15))) | I15: =IF($K15="","",IF(INDEX(BASELINE!$O$2:$O$3001,$K15)="","",INDEX(BASELINE!$O$2:$O$3001,$K15))) | J15: =IF($K15="","",IF(ISNUMBER(SEARCH("break",INDEX(BASELINE!$T$2:$T$3001,$K15)&"")),"SIM","")) | K15: =IF(7<=CALC!$D$1,MATCH(7,CALC!$B$2:$B$3001,0),"")
A16: =IF($K16="","",8) | B16: =IF($K16="","",IF(INDEX(BASELINE!$I$2:$I$3001,$K16)="","",INDEX(BASELINE!$I$2:$I$3001,$K16))) | C16: =IF($K16="","",IF(INDEX(BASELINE!$J$2:$J$3001,$K16)="","",INDEX(BASELINE!$J$2:$J$3001,$K16))) | D16: =IF($K16="","",IF(INDEX(BASELINE!$M$2:$M$3001,$K16)="","",INDEX(BASELINE!$M$2:$M$3001,$K16))) | E16: =IF($K16="","",IF(INDEX(BASELINE!$L$2:$L$3001,$K16)="","",INDEX(BASELINE!$L$2:$L$3001,$K16))) | F16: =IF($K16="","",IF(INDEX(BASELINE!$P$2:$P$3001,$K16)="","",INDEX(BASELINE!$P$2:$P$3001,$K16))) | G16: =IF($K16="","",IF(INDEX(BASELINE!$K$2:$K$3001,$K16)="","",INDEX(BASELINE!$K$2:$K$3001,$K16))) | H16: =IF($K16="","",IF(INDEX(BASELINE!$N$2:$N$3001,$K16)="","",INDEX(BASELINE!$N$2:$N$3001,$K16))) | I16: =IF($K16="","",IF(INDEX(BASELINE!$O$2:$O$3001,$K16)="","",INDEX(BASELINE!$O$2:$O$3001,$K16))) | J16: =IF($K16="","",IF(ISNUMBER(SEARCH("break",INDEX(BASELINE!$T$2:$T$3001,$K16)&"")),"SIM","")) | K16: =IF(8<=CALC!$D$1,MATCH(8,CALC!$B$2:$B$3001,0),"")
A17: =IF($K17="","",9) | B17: =IF($K17="","",IF(INDEX(BASELINE!$I$2:$I$3001,$K17)="","",INDEX(BASELINE!$I$2:$I$3001,$K17))) | C17: =IF($K17="","",IF(INDEX(BASELINE!$J$2:$J$3001,$K17)="","",INDEX(BASELINE!$J$2:$J$3001,$K17))) | D17: =IF($K17="","",IF(INDEX(BASELINE!$M$2:$M$3001,$K17)="","",INDEX(BASELINE!$M$2:$M$3001,$K17))) | E17: =IF($K17="","",IF(INDEX(BASELINE!$L$2:$L$3001,$K17)="","",INDEX(BASELINE!$L$2:$L$3001,$K17))) | F17: =IF($K17="","",IF(INDEX(BASELINE!$P$2:$P$3001,$K17)="","",INDEX(BASELINE!$P$2:$P$3001,$K17))) | G17: =IF($K17="","",IF(INDEX(BASELINE!$K$2:$K$3001,$K17)="","",INDEX(BASELINE!$K$2:$K$3001,$K17))) | H17: =IF($K17="","",IF(INDEX(BASELINE!$N$2:$N$3001,$K17)="","",INDEX(BASELINE!$N$2:$N$3001,$K17))) | I17: =IF($K17="","",IF(INDEX(BASELINE!$O$2:$O$3001,$K17)="","",INDEX(BASELINE!$O$2:$O$3001,$K17))) | J17: =IF($K17="","",IF(ISNUMBER(SEARCH("break",INDEX(BASELINE!$T$2:$T$3001,$K17)&"")),"SIM","")) | K17: =IF(9<=CALC!$D$1,MATCH(9,CALC!$B$2:$B$3001,0),"")
A18: =IF($K18="","",10) | B18: =IF($K18="","",IF(INDEX(BASELINE!$I$2:$I$3001,$K18)="","",INDEX(BASELINE!$I$2:$I$3001,$K18))) | C18: =IF($K18="","",IF(INDEX(BASELINE!$J$2:$J$3001,$K18)="","",INDEX(BASELINE!$J$2:$J$3001,$K18))) | D18: =IF($K18="","",IF(INDEX(BASELINE!$M$2:$M$3001,$K18)="","",INDEX(BASELINE!$M$2:$M$3001,$K18))) | E18: =IF($K18="","",IF(INDEX(BASELINE!$L$2:$L$3001,$K18)="","",INDEX(BASELINE!$L$2:$L$3001,$K18))) | F18: =IF($K18="","",IF(INDEX(BASELINE!$P$2:$P$3001,$K18)="","",INDEX(BASELINE!$P$2:$P$3001,$K18))) | G18: =IF($K18="","",IF(INDEX(BASELINE!$K$2:$K$3001,$K18)="","",INDEX(BASELINE!$K$2:$K$3001,$K18))) | H18: =IF($K18="","",IF(INDEX(BASELINE!$N$2:$N$3001,$K18)="","",INDEX(BASELINE!$N$2:$N$3001,$K18))) | I18: =IF($K18="","",IF(INDEX(BASELINE!$O$2:$O$3001,$K18)="","",INDEX(BASELINE!$O$2:$O$3001,$K18))) | J18: =IF($K18="","",IF(ISNUMBER(SEARCH("break",INDEX(BASELINE!$T$2:$T$3001,$K18)&"")),"SIM","")) | K18: =IF(10<=CALC!$D$1,MATCH(10,CALC!$B$2:$B$3001,0),"")
A19: =IF($K19="","",11) | B19: =IF($K19="","",IF(INDEX(BASELINE!$I$2:$I$3001,$K19)="","",INDEX(BASELINE!$I$2:$I$3001,$K19))) | C19: =IF($K19="","",IF(INDEX(BASELINE!$J$2:$J$3001,$K19)="","",INDEX(BASELINE!$J$2:$J$3001,$K19))) | D19: =IF($K19="","",IF(INDEX(BASELINE!$M$2:$M$3001,$K19)="","",INDEX(BASELINE!$M$2:$M$3001,$K19))) | E19: =IF($K19="","",IF(INDEX(BASELINE!$L$2:$L$3001,$K19)="","",INDEX(BASELINE!$L$2:$L$3001,$K19))) | F19: =IF($K19="","",IF(INDEX(BASELINE!$P$2:$P$3001,$K19)="","",INDEX(BASELINE!$P$2:$P$3001,$K19))) | G19: =IF($K19="","",IF(INDEX(BASELINE!$K$2:$K$3001,$K19)="","",INDEX(BASELINE!$K$2:$K$3001,$K19))) | H19: =IF($K19="","",IF(INDEX(BASELINE!$N$2:$N$3001,$K19)="","",INDEX(BASELINE!$N$2:$N$3001,$K19))) | I19: =IF($K19="","",IF(INDEX(BASELINE!$O$2:$O$3001,$K19)="","",INDEX(BASELINE!$O$2:$O$3001,$K19))) | J19: =IF($K19="","",IF(ISNUMBER(SEARCH("break",INDEX(BASELINE!$T$2:$T$3001,$K19)&"")),"SIM","")) | K19: =IF(11<=CALC!$D$1,MATCH(11,CALC!$B$2:$B$3001,0),"")
A20: =IF($K20="","",12) | B20: =IF($K20="","",IF(INDEX(BASELINE!$I$2:$I$3001,$K20)="","",INDEX(BASELINE!$I$2:$I$3001,$K20))) | C20: =IF($K20="","",IF(INDEX(BASELINE!$J$2:$J$3001,$K20)="","",INDEX(BASELINE!$J$2:$J$3001,$K20))) | D20: =IF($K20="","",IF(INDEX(BASELINE!$M$2:$M$3001,$K20)="","",INDEX(BASELINE!$M$2:$M$3001,$K20))) | E20: =IF($K20="","",IF(INDEX(BASELINE!$L$2:$L$3001,$K20)="","",INDEX(BASELINE!$L$2:$L$3001,$K20))) | F20: =IF($K20="","",IF(INDEX(BASELINE!$P$2:$P$3001,$K20)="","",INDEX(BASELINE!$P$2:$P$3001,$K20))) | G20: =IF($K20="","",IF(INDEX(BASELINE!$K$2:$K$3001,$K20)="","",INDEX(BASELINE!$K$2:$K$3001,$K20))) | H20: =IF($K20="","",IF(INDEX(BASELINE!$N$2:$N$3001,$K20)="","",INDEX(BASELINE!$N$2:$N$3001,$K20))) | I20: =IF($K20="","",IF(INDEX(BASELINE!$O$2:$O$3001,$K20)="","",INDEX(BASELINE!$O$2:$O$3001,$K20))) | J20: =IF($K20="","",IF(ISNUMBER(SEARCH("break",INDEX(BASELINE!$T$2:$T$3001,$K20)&"")),"SIM","")) | K20: =IF(12<=CALC!$D$1,MATCH(12,CALC!$B$2:$B$3001,0),"")
A21: =IF($K21="","",13) | B21: =IF($K21="","",IF(INDEX(BASELINE!$I$2:$I$3001,$K21)="","",INDEX(BASELINE!$I$2:$I$3001,$K21))) | C21: =IF($K21="","",IF(INDEX(BASELINE!$J$2:$J$3001,$K21)="","",INDEX(BASELINE!$J$2:$J$3001,$K21))) | D21: =IF($K21="","",IF(INDEX(BASELINE!$M$2:$M$3001,$K21)="","",INDEX(BASELINE!$M$2:$M$3001,$K21))) | E21: =IF($K21="","",IF(INDEX(BASELINE!$L$2:$L$3001,$K21)="","",INDEX(BASELINE!$L$2:$L$3001,$K21))) | F21: =IF($K21="","",IF(INDEX(BASELINE!$P$2:$P$3001,$K21)="","",INDEX(BASELINE!$P$2:$P$3001,$K21))) | G21: =IF($K21="","",IF(INDEX(BASELINE!$K$2:$K$3001,$K21)="","",INDEX(BASELINE!$K$2:$K$3001,$K21))) | H21: =IF($K21="","",IF(INDEX(BASELINE!$N$2:$N$3001,$K21)="","",INDEX(BASELINE!$N$2:$N$3001,$K21))) | I21: =IF($K21="","",IF(INDEX(BASELINE!$O$2:$O$3001,$K21)="","",INDEX(BASELINE!$O$2:$O$3001,$K21))) | J21: =IF($K21="","",IF(ISNUMBER(SEARCH("break",INDEX(BASELINE!$T$2:$T$3001,$K21)&"")),"SIM","")) | K21: =IF(13<=CALC!$D$1,MATCH(13,CALC!$B$2:$B$3001,0),"")
A22: =IF($K22="","",14) | B22: =IF($K22="","",IF(INDEX(BASELINE!$I$2:$I$3001,$K22)="","",INDEX(BASELINE!$I$2:$I$3001,$K22))) | C22: =IF($K22="","",IF(INDEX(BASELINE!$J$2:$J$3001,$K22)="","",INDEX(BASELINE!$J$2:$J$3001,$K22))) | D22: =IF($K22="","",IF(INDEX(BASELINE!$M$2:$M$3001,$K22)="","",INDEX(BASELINE!$M$2:$M$3001,$K22))) | E22: =IF($K22="","",IF(INDEX(BASELINE!$L$2:$L$3001,$K22)="","",INDEX(BASELINE!$L$2:$L$3001,$K22))) | F22: =IF($K22="","",IF(INDEX(BASELINE!$P$2:$P$3001,$K22)="","",INDEX(BASELINE!$P$2:$P$3001,$K22))) | G22: =IF($K22="","",IF(INDEX(BASELINE!$K$2:$K$3001,$K22)="","",INDEX(BASELINE!$K$2:$K$3001,$K22))) | H22: =IF($K22="","",IF(INDEX(BASELINE!$N$2:$N$3001,$K22)="","",INDEX(BASELINE!$N$2:$N$3001,$K22))) | I22: =IF($K22="","",IF(INDEX(BASELINE!$O$2:$O$3001,$K22)="","",INDEX(BASELINE!$O$2:$O$3001,$K22))) | J22: =IF($K22="","",IF(ISNUMBER(SEARCH("break",INDEX(BASELINE!$T$2:$T$3001,$K22)&"")),"SIM","")) | K22: =IF(14<=CALC!$D$1,MATCH(14,CALC!$B$2:$B$3001,0),"")
A23: =IF($K23="","",15) | B23: =IF($K23="","",IF(INDEX(BASELINE!$I$2:$I$3001,$K23)="","",INDEX(BASELINE!$I$2:$I$3001,$K23))) | C23: =IF($K23="","",IF(INDEX(BASELINE!$J$2:$J$3001,$K23)="","",INDEX(BASELINE!$J$2:$J$3001,$K23))) | D23: =IF($K23="","",IF(INDEX(BASELINE!$M$2:$M$3001,$K23)="","",INDEX(BASELINE!$M$2:$M$3001,$K23))) | E23: =IF($K23="","",IF(INDEX(BASELINE!$L$2:$L$3001,$K23)="","",INDEX(BASELINE!$L$2:$L$3001,$K23))) | F23: =IF($K23="","",IF(INDEX(BASELINE!$P$2:$P$3001,$K23)="","",INDEX(BASELINE!$P$2:$P$3001,$K23))) | G23: =IF($K23="","",IF(INDEX(BASELINE!$K$2:$K$3001,$K23)="","",INDEX(BASELINE!$K$2:$K$3001,$K23))) | H23: =IF($K23="","",IF(INDEX(BASELINE!$N$2:$N$3001,$K23)="","",INDEX(BASELINE!$N$2:$N$3001,$K23))) | I23: =IF($K23="","",IF(INDEX(BASELINE!$O$2:$O$3001,$K23)="","",INDEX(BASELINE!$O$2:$O$3001,$K23))) | J23: =IF($K23="","",IF(ISNUMBER(SEARCH("break",INDEX(BASELINE!$T$2:$T$3001,$K23)&"")),"SIM","")) | K23: =IF(15<=CALC!$D$1,MATCH(15,CALC!$B$2:$B$3001,0),"")
A24: =IF($K24="","",16) | B24: =IF($K24="","",IF(INDEX(BASELINE!$I$2:$I$3001,$K24)="","",INDEX(BASELINE!$I$2:$I$3001,$K24))) | C24: =IF($K24="","",IF(INDEX(BASELINE!$J$2:$J$3001,$K24)="","",INDEX(BASELINE!$J$2:$J$3001,$K24))) | D24: =IF($K24="","",IF(INDEX(BASELINE!$M$2:$M$3001,$K24)="","",INDEX(BASELINE!$M$2:$M$3001,$K24))) | E24: =IF($K24="","",IF(INDEX(BASELINE!$L$2:$L$3001,$K24)="","",INDEX(BASELINE!$L$2:$L$3001,$K24))) | F24: =IF($K24="","",IF(INDEX(BASELINE!$P$2:$P$3001,$K24)="","",INDEX(BASELINE!$P$2:$P$3001,$K24))) | G24: =IF($K24="","",IF(INDEX(BASELINE!$K$2:$K$3001,$K24)="","",INDEX(BASELINE!$K$2:$K$3001,$K24))) | H24: =IF($K24="","",IF(INDEX(BASELINE!$N$2:$N$3001,$K24)="","",INDEX(BASELINE!$N$2:$N$3001,$K24))) | I24: =IF($K24="","",IF(INDEX(BASELINE!$O$2:$O$3001,$K24)="","",INDEX(BASELINE!$O$2:$O$3001,$K24))) | J24: =IF($K24="","",IF(ISNUMBER(SEARCH("break",INDEX(BASELINE!$T$2:$T$3001,$K24)&"")),"SIM","")) | K24: =IF(16<=CALC!$D$1,MATCH(16,CALC!$B$2:$B$3001,0),"")
A25: =IF($K25="","",17) | B25: =IF($K25="","",IF(INDEX(BASELINE!$I$2:$I$3001,$K25)="","",INDEX(BASELINE!$I$2:$I$3001,$K25))) | C25: =IF($K25="","",IF(INDEX(BASELINE!$J$2:$J$3001,$K25)="","",INDEX(BASELINE!$J$2:$J$3001,$K25))) | D25: =IF($K25="","",IF(INDEX(BASELINE!$M$2:$M$3001,$K25)="","",INDEX(BASELINE!$M$2:$M$3001,$K25))) | E25: =IF($K25="","",IF(INDEX(BASELINE!$L$2:$L$3001,$K25)="","",INDEX(BASELINE!$L$2:$L$3001,$K25))) | F25: =IF($K25="","",IF(INDEX(BASELINE!$P$2:$P$3001,$K25)="","",INDEX(BASELINE!$P$2:$P$3001,$K25))) | G25: =IF($K25="","",IF(INDEX(BASELINE!$K$2:$K$3001,$K25)="","",INDEX(BASELINE!$K$2:$K$3001,$K25))) | H25: =IF($K25="","",IF(INDEX(BASELINE!$N$2:$N$3001,$K25)="","",INDEX(BASELINE!$N$2:$N$3001,$K25))) | I25: =IF($K25="","",IF(INDEX(BASELINE!$O$2:$O$3001,$K25)="","",INDEX(BASELINE!$O$2:$O$3001,$K25))) | J25: =IF($K25="","",IF(ISNUMBER(SEARCH("break",INDEX(BASELINE!$T$2:$T$3001,$K25)&"")),"SIM","")) | K25: =IF(17<=CALC!$D$1,MATCH(17,CALC!$B$2:$B$3001,0),"")
A26: =IF($K26="","",18) | B26: =IF($K26="","",IF(INDEX(BASELINE!$I$2:$I$3001,$K26)="","",INDEX(BASELINE!$I$2:$I$3001,$K26))) | C26: =IF($K26="","",IF(INDEX(BASELINE!$J$2:$J$3001,$K26)="","",INDEX(BASELINE!$J$2:$J$3001,$K26))) | D26: =IF($K26="","",IF(INDEX(BASELINE!$M$2:$M$3001,$K26)="","",INDEX(BASELINE!$M$2:$M$3001,$K26))) | E26: =IF($K26="","",IF(INDEX(BASELINE!$L$2:$L$3001,$K26)="","",INDEX(BASELINE!$L$2:$L$3001,$K26))) | F26: =IF($K26="","",IF(INDEX(BASELINE!$P$2:$P$3001,$K26)="","",INDEX(BASELINE!$P$2:$P$3001,$K26))) | G26: =IF($K26="","",IF(INDEX(BASELINE!$K$2:$K$3001,$K26)="","",INDEX(BASELINE!$K$2:$K$3001,$K26))) | H26: =IF($K26="","",IF(INDEX(BASELINE!$N$2:$N$3001,$K26)="","",INDEX(BASELINE!$N$2:$N$3001,$K26))) | I26: =IF($K26="","",IF(INDEX(BASELINE!$O$2:$O$3001,$K26)="","",INDEX(BASELINE!$O$2:$O$3001,$K26))) | J26: =IF($K26="","",IF(ISNUMBER(SEARCH("break",INDEX(BASELINE!$T$2:$T$3001,$K26)&"")),"SIM","")) | K26: =IF(18<=CALC!$D$1,MATCH(18,CALC!$B$2:$B$3001,0),"")
A27: =IF($K27="","",19) | B27: =IF($K27="","",IF(INDEX(BASELINE!$I$2:$I$3001,$K27)="","",INDEX(BASELINE!$I$2:$I$3001,$K27))) | C27: =IF($K27="","",IF(INDEX(BASELINE!$J$2:$J$3001,$K27)="","",INDEX(BASELINE!$J$2:$J$3001,$K27))) | D27: =IF($K27="","",IF(INDEX(BASELINE!$M$2:$M$3001,$K27)="","",INDEX(BASELINE!$M$2:$M$3001,$K27))) | E27: =IF($K27="","",IF(INDEX(BASELINE!$L$2:$L$3001,$K27)="","",INDEX(BASELINE!$L$2:$L$3001,$K27))) | F27: =IF($K27="","",IF(INDEX(BASELINE!$P$2:$P$3001,$K27)="","",INDEX(BASELINE!$P$2:$P$3001,$K27))) | G27: =IF($K27="","",IF(INDEX(BASELINE!$K$2:$K$3001,$K27)="","",INDEX(BASELINE!$K$2:$K$3001,$K27))) | H27: =IF($K27="","",IF(INDEX(BASELINE!$N$2:$N$3001,$K27)="","",INDEX(BASELINE!$N$2:$N$3001,$K27))) | I27: =IF($K27="","",IF(INDEX(BASELINE!$O$2:$O$3001,$K27)="","",INDEX(BASELINE!$O$2:$O$3001,$K27))) | J27: =IF($K27="","",IF(ISNUMBER(SEARCH("break",INDEX(BASELINE!$T$2:$T$3001,$K27)&"")),"SIM","")) | K27: =IF(19<=CALC!$D$1,MATCH(19,CALC!$B$2:$B$3001,0),"")
A28: =IF($K28="","",20) | B28: =IF($K28="","",IF(INDEX(BASELINE!$I$2:$I$3001,$K28)="","",INDEX(BASELINE!$I$2:$I$3001,$K28))) | C28: =IF($K28="","",IF(INDEX(BASELINE!$J$2:$J$3001,$K28)="","",INDEX(BASELINE!$J$2:$J$3001,$K28))) | D28: =IF($K28="","",IF(INDEX(BASELINE!$M$2:$M$3001,$K28)="","",INDEX(BASELINE!$M$2:$M$3001,$K28))) | E28: =IF($K28="","",IF(INDEX(BASELINE!$L$2:$L$3001,$K28)="","",INDEX(BASELINE!$L$2:$L$3001,$K28))) | F28: =IF($K28="","",IF(INDEX(BASELINE!$P$2:$P$3001,$K28)="","",INDEX(BASELINE!$P$2:$P$3001,$K28))) | G28: =IF($K28="","",IF(INDEX(BASELINE!$K$2:$K$3001,$K28)="","",INDEX(BASELINE!$K$2:$K$3001,$K28))) | H28: =IF($K28="","",IF(INDEX(BASELINE!$N$2:$N$3001,$K28)="","",INDEX(BASELINE!$N$2:$N$3001,$K28))) | I28: =IF($K28="","",IF(INDEX(BASELINE!$O$2:$O$3001,$K28)="","",INDEX(BASELINE!$O$2:$O$3001,$K28))) | J28: =IF($K28="","",IF(ISNUMBER(SEARCH("break",INDEX(BASELINE!$T$2:$T$3001,$K28)&"")),"SIM","")) | K28: =IF(20<=CALC!$D$1,MATCH(20,CALC!$B$2:$B$3001,0),"")
A29: =IF($K29="","",21) | B29: =IF($K29="","",IF(INDEX(BASELINE!$I$2:$I$3001,$K29)="","",INDEX(BASELINE!$I$2:$I$3001,$K29))) | C29: =IF($K29="","",IF(INDEX(BASELINE!$J$2:$J$3001,$K29)="","",INDEX(BASELINE!$J$2:$J$3001,$K29))) | D29: =IF($K29="","",IF(INDEX(BASELINE!$M$2:$M$3001,$K29)="","",INDEX(BASELINE!$M$2:$M$3001,$K29))) | E29: =IF($K29="","",IF(INDEX(BASELINE!$L$2:$L$3001,$K29)="","",INDEX(BASELINE!$L$2:$L$3001,$K29))) | F29: =IF($K29="","",IF(INDEX(BASELINE!$P$2:$P$3001,$K29)="","",INDEX(BASELINE!$P$2:$P$3001,$K29))) | G29: =IF($K29="","",IF(INDEX(BASELINE!$K$2:$K$3001,$K29)="","",INDEX(BASELINE!$K$2:$K$3001,$K29))) | H29: =IF($K29="","",IF(INDEX(BASELINE!$N$2:$N$3001,$K29)="","",INDEX(BASELINE!$N$2:$N$3001,$K29))) | I29: =IF($K29="","",IF(INDEX(BASELINE!$O$2:$O$3001,$K29)="","",INDEX(BASELINE!$O$2:$O$3001,$K29))) | J29: =IF($K29="","",IF(ISNUMBER(SEARCH("break",INDEX(BASELINE!$T$2:$T$3001,$K29)&"")),"SIM","")) | K29: =IF(21<=CALC!$D$1,MATCH(21,CALC!$B$2:$B$3001,0),"")
A30: =IF($K30="","",22) | B30: =IF($K30="","",IF(INDEX(BASELINE!$I$2:$I$3001,$K30)="","",INDEX(BASELINE!$I$2:$I$3001,$K30))) | C30: =IF($K30="","",IF(INDEX(BASELINE!$J$2:$J$3001,$K30)="","",INDEX(BASELINE!$J$2:$J$3001,$K30))) | D30: =IF($K30="","",IF(INDEX(BASELINE!$M$2:$M$3001,$K30)="","",INDEX(BASELINE!$M$2:$M$3001,$K30))) | E30: =IF($K30="","",IF(INDEX(BASELINE!$L$2:$L$3001,$K30)="","",INDEX(BASELINE!$L$2:$L$3001,$K30))) | F30: =IF($K30="","",IF(INDEX(BASELINE!$P$2:$P$3001,$K30)="","",INDEX(BASELINE!$P$2:$P$3001,$K30))) | G30: =IF($K30="","",IF(INDEX(BASELINE!$K$2:$K$3001,$K30)="","",INDEX(BASELINE!$K$2:$K$3001,$K30))) | H30: =IF($K30="","",IF(INDEX(BASELINE!$N$2:$N$3001,$K30)="","",INDEX(BASELINE!$N$2:$N$3001,$K30))) | I30: =IF($K30="","",IF(INDEX(BASELINE!$O$2:$O$3001,$K30)="","",INDEX(BASELINE!$O$2:$O$3001,$K30))) | J30: =IF($K30="","",IF(ISNUMBER(SEARCH("break",INDEX(BASELINE!$T$2:$T$3001,$K30)&"")),"SIM","")) | K30: =IF(22<=CALC!$D$1,MATCH(22,CALC!$B$2:$B$3001,0),"")
A31: =IF($K31="","",23) | B31: =IF($K31="","",IF(INDEX(BASELINE!$I$2:$I$3001,$K31)="","",INDEX(BASELINE!$I$2:$I$3001,$K31))) | C31: =IF($K31="","",IF(INDEX(BASELINE!$J$2:$J$3001,$K31)="","",INDEX(BASELINE!$J$2:$J$3001,$K31))) | D31: =IF($K31="","",IF(INDEX(BASELINE!$M$2:$M$3001,$K31)="","",INDEX(BASELINE!$M$2:$M$3001,$K31))) | E31: =IF($K31="","",IF(INDEX(BASELINE!$L$2:$L$3001,$K31)="","",INDEX(BASELINE!$L$2:$L$3001,$K31))) | F31: =IF($K31="","",IF(INDEX(BASELINE!$P$2:$P$3001,$K31)="","",INDEX(BASELINE!$P$2:$P$3001,$K31))) | G31: =IF($K31="","",IF(INDEX(BASELINE!$K$2:$K$3001,$K31)="","",INDEX(BASELINE!$K$2:$K$3001,$K31))) | H31: =IF($K31="","",IF(INDEX(BASELINE!$N$2:$N$3001,$K31)="","",INDEX(BASELINE!$N$2:$N$3001,$K31))) | I31: =IF($K31="","",IF(INDEX(BASELINE!$O$2:$O$3001,$K31)="","",INDEX(BASELINE!$O$2:$O$3001,$K31))) | J31: =IF($K31="","",IF(ISNUMBER(SEARCH("break",INDEX(BASELINE!$T$2:$T$3001,$K31)&"")),"SIM","")) | K31: =IF(23<=CALC!$D$1,MATCH(23,CALC!$B$2:$B$3001,0),"")
A32: =IF($K32="","",24) | B32: =IF($K32="","",IF(INDEX(BASELINE!$I$2:$I$3001,$K32)="","",INDEX(BASELINE!$I$2:$I$3001,$K32))) | C32: =IF($K32="","",IF(INDEX(BASELINE!$J$2:$J$3001,$K32)="","",INDEX(BASELINE!$J$2:$J$3001,$K32))) | D32: =IF($K32="","",IF(INDEX(BASELINE!$M$2:$M$3001,$K32)="","",INDEX(BASELINE!$M$2:$M$3001,$K32))) | E32: =IF($K32="","",IF(INDEX(BASELINE!$L$2:$L$3001,$K32)="","",INDEX(BASELINE!$L$2:$L$3001,$K32))) | F32: =IF($K32="","",IF(INDEX(BASELINE!$P$2:$P$3001,$K32)="","",INDEX(BASELINE!$P$2:$P$3001,$K32))) | G32: =IF($K32="","",IF(INDEX(BASELINE!$K$2:$K$3001,$K32)="","",INDEX(BASELINE!$K$2:$K$3001,$K32))) | H32: =IF($K32="","",IF(INDEX(BASELINE!$N$2:$N$3001,$K32)="","",INDEX(BASELINE!$N$2:$N$3001,$K32))) | I32: =IF($K32="","",IF(INDEX(BASELINE!$O$2:$O$3001,$K32)="","",INDEX(BASELINE!$O$2:$O$3001,$K32))) | J32: =IF($K32="","",IF(ISNUMBER(SEARCH("break",INDEX(BASELINE!$T$2:$T$3001,$K32)&"")),"SIM","")) | K32: =IF(24<=CALC!$D$1,MATCH(24,CALC!$B$2:$B$3001,0),"")
A33: =IF($K33="","",25) | B33: =IF($K33="","",IF(INDEX(BASELINE!$I$2:$I$3001,$K33)="","",INDEX(BASELINE!$I$2:$I$3001,$K33))) | C33: =IF($K33="","",IF(INDEX(BASELINE!$J$2:$J$3001,$K33)="","",INDEX(BASELINE!$J$2:$J$3001,$K33))) | D33: =IF($K33="","",IF(INDEX(BASELINE!$M$2:$M$3001,$K33)="","",INDEX(BASELINE!$M$2:$M$3001,$K33))) | E33: =IF($K33="","",IF(INDEX(BASELINE!$L$2:$L$3001,$K33)="","",INDEX(BASELINE!$L$2:$L$3001,$K33))) | F33: =IF($K33="","",IF(INDEX(BASELINE!$P$2:$P$3001,$K33)="","",INDEX(BASELINE!$P$2:$P$3001,$K33))) | G33: =IF($K33="","",IF(INDEX(BASELINE!$K$2:$K$3001,$K33)="","",INDEX(BASELINE!$K$2:$K$3001,$K33))) | H33: =IF($K33="","",IF(INDEX(BASELINE!$N$2:$N$3001,$K33)="","",INDEX(BASELINE!$N$2:$N$3001,$K33))) | I33: =IF($K33="","",IF(INDEX(BASELINE!$O$2:$O$3001,$K33)="","",INDEX(BASELINE!$O$2:$O$3001,$K33))) | J33: =IF($K33="","",IF(ISNUMBER(SEARCH("break",INDEX(BASELINE!$T$2:$T$3001,$K33)&"")),"SIM","")) | K33: =IF(25<=CALC!$D$1,MATCH(25,CALC!$B$2:$B$3001,0),"")
A34: =IF($K34="","",26) | B34: =IF($K34="","",IF(INDEX(BASELINE!$I$2:$I$3001,$K34)="","",INDEX(BASELINE!$I$2:$I$3001,$K34))) | C34: =IF($K34="","",IF(INDEX(BASELINE!$J$2:$J$3001,$K34)="","",INDEX(BASELINE!$J$2:$J$3001,$K34))) | D34: =IF($K34="","",IF(INDEX(BASELINE!$M$2:$M$3001,$K34)="","",INDEX(BASELINE!$M$2:$M$3001,$K34))) | E34: =IF($K34="","",IF(INDEX(BASELINE!$L$2:$L$3001,$K34)="","",INDEX(BASELINE!$L$2:$L$3001,$K34))) | F34: =IF($K34="","",IF(INDEX(BASELINE!$P$2:$P$3001,$K34)="","",INDEX(BASELINE!$P$2:$P$3001,$K34))) | G34: =IF($K34="","",IF(INDEX(BASELINE!$K$2:$K$3001,$K34)="","",INDEX(BASELINE!$K$2:$K$3001,$K34))) | H34: =IF($K34="","",IF(INDEX(BASELINE!$N$2:$N$3001,$K34)="","",INDEX(BASELINE!$N$2:$N$3001,$K34))) | I34: =IF($K34="","",IF(INDEX(BASELINE!$O$2:$O$3001,$K34)="","",INDEX(BASELINE!$O$2:$O$3001,$K34))) | J34: =IF($K34="","",IF(ISNUMBER(SEARCH("break",INDEX(BASELINE!$T$2:$T$3001,$K34)&"")),"SIM","")) | K34: =IF(26<=CALC!$D$1,MATCH(26,CALC!$B$2:$B$3001,0),"")
A35: =IF($K35="","",27) | B35: =IF($K35="","",IF(INDEX(BASELINE!$I$2:$I$3001,$K35)="","",INDEX(BASELINE!$I$2:$I$3001,$K35))) | C35: =IF($K35="","",IF(INDEX(BASELINE!$J$2:$J$3001,$K35)="","",INDEX(BASELINE!$J$2:$J$3001,$K35))) | D35: =IF($K35="","",IF(INDEX(BASELINE!$M$2:$M$3001,$K35)="","",INDEX(BASELINE!$M$2:$M$3001,$K35))) | E35: =IF($K35="","",IF(INDEX(BASELINE!$L$2:$L$3001,$K35)="","",INDEX(BASELINE!$L$2:$L$3001,$K35))) | F35: =IF($K35="","",IF(INDEX(BASELINE!$P$2:$P$3001,$K35)="","",INDEX(BASELINE!$P$2:$P$3001,$K35))) | G35: =IF($K35="","",IF(INDEX(BASELINE!$K$2:$K$3001,$K35)="","",INDEX(BASELINE!$K$2:$K$3001,$K35))) | H35: =IF($K35="","",IF(INDEX(BASELINE!$N$2:$N$3001,$K35)="","",INDEX(BASELINE!$N$2:$N$3001,$K35))) | I35: =IF($K35="","",IF(INDEX(BASELINE!$O$2:$O$3001,$K35)="","",INDEX(BASELINE!$O$2:$O$3001,$K35))) | J35: =IF($K35="","",IF(ISNUMBER(SEARCH("break",INDEX(BASELINE!$T$2:$T$3001,$K35)&"")),"SIM","")) | K35: =IF(27<=CALC!$D$1,MATCH(27,CALC!$B$2:$B$3001,0),"")
A36: =IF($K36="","",28) | B36: =IF($K36="","",IF(INDEX(BASELINE!$I$2:$I$3001,$K36)="","",INDEX(BASELINE!$I$2:$I$3001,$K36))) | C36: =IF($K36="","",IF(INDEX(BASELINE!$J$2:$J$3001,$K36)="","",INDEX(BASELINE!$J$2:$J$3001,$K36))) | D36: =IF($K36="","",IF(INDEX(BASELINE!$M$2:$M$3001,$K36)="","",INDEX(BASELINE!$M$2:$M$3001,$K36))) | E36: =IF($K36="","",IF(INDEX(BASELINE!$L$2:$L$3001,$K36)="","",INDEX(BASELINE!$L$2:$L$3001,$K36))) | F36: =IF($K36="","",IF(INDEX(BASELINE!$P$2:$P$3001,$K36)="","",INDEX(BASELINE!$P$2:$P$3001,$K36))) | G36: =IF($K36="","",IF(INDEX(BASELINE!$K$2:$K$3001,$K36)="","",INDEX(BASELINE!$K$2:$K$3001,$K36))) | H36: =IF($K36="","",IF(INDEX(BASELINE!$N$2:$N$3001,$K36)="","",INDEX(BASELINE!$N$2:$N$3001,$K36))) | I36: =IF($K36="","",IF(INDEX(BASELINE!$O$2:$O$3001,$K36)="","",INDEX(BASELINE!$O$2:$O$3001,$K36))) | J36: =IF($K36="","",IF(ISNUMBER(SEARCH("break",INDEX(BASELINE!$T$2:$T$3001,$K36)&"")),"SIM","")) | K36: =IF(28<=CALC!$D$1,MATCH(28,CALC!$B$2:$B$3001,0),"")
A37: =IF($K37="","",29) | B37: =IF($K37="","",IF(INDEX(BASELINE!$I$2:$I$3001,$K37)="","",INDEX(BASELINE!$I$2:$I$3001,$K37))) | C37: =IF($K37="","",IF(INDEX(BASELINE!$J$2:$J$3001,$K37)="","",INDEX(BASELINE!$J$2:$J$3001,$K37))) | D37: =IF($K37="","",IF(INDEX(BASELINE!$M$2:$M$3001,$K37)="","",INDEX(BASELINE!$M$2:$M$3001,$K37))) | E37: =IF($K37="","",IF(INDEX(BASELINE!$L$2:$L$3001,$K37)="","",INDEX(BASELINE!$L$2:$L$3001,$K37))) | F37: =IF($K37="","",IF(INDEX(BASELINE!$P$2:$P$3001,$K37)="","",INDEX(BASELINE!$P$2:$P$3001,$K37))) | G37: =IF($K37="","",IF(INDEX(BASELINE!$K$2:$K$3001,$K37)="","",INDEX(BASELINE!$K$2:$K$3001,$K37))) | H37: =IF($K37="","",IF(INDEX(BASELINE!$N$2:$N$3001,$K37)="","",INDEX(BASELINE!$N$2:$N$3001,$K37))) | I37: =IF($K37="","",IF(INDEX(BASELINE!$O$2:$O$3001,$K37)="","",INDEX(BASELINE!$O$2:$O$3001,$K37))) | J37: =IF($K37="","",IF(ISNUMBER(SEARCH("break",INDEX(BASELINE!$T$2:$T$3001,$K37)&"")),"SIM","")) | K37: =IF(29<=CALC!$D$1,MATCH(29,CALC!$B$2:$B$3001,0),"")
A38: =IF($K38="","",30) | B38: =IF($K38="","",IF(INDEX(BASELINE!$I$2:$I$3001,$K38)="","",INDEX(BASELINE!$I$2:$I$3001,$K38))) | C38: =IF($K38="","",IF(INDEX(BASELINE!$J$2:$J$3001,$K38)="","",INDEX(BASELINE!$J$2:$J$3001,$K38))) | D38: =IF($K38="","",IF(INDEX(BASELINE!$M$2:$M$3001,$K38)="","",INDEX(BASELINE!$M$2:$M$3001,$K38))) | E38: =IF($K38="","",IF(INDEX(BASELINE!$L$2:$L$3001,$K38)="","",INDEX(BASELINE!$L$2:$L$3001,$K38))) | F38: =IF($K38="","",IF(INDEX(BASELINE!$P$2:$P$3001,$K38)="","",INDEX(BASELINE!$P$2:$P$3001,$K38))) | G38: =IF($K38="","",IF(INDEX(BASELINE!$K$2:$K$3001,$K38)="","",INDEX(BASELINE!$K$2:$K$3001,$K38))) | H38: =IF($K38="","",IF(INDEX(BASELINE!$N$2:$N$3001,$K38)="","",INDEX(BASELINE!$N$2:$N$3001,$K38))) | I38: =IF($K38="","",IF(INDEX(BASELINE!$O$2:$O$3001,$K38)="","",INDEX(BASELINE!$O$2:$O$3001,$K38))) | J38: =IF($K38="","",IF(ISNUMBER(SEARCH("break",INDEX(BASELINE!$T$2:$T$3001,$K38)&"")),"SIM","")) | K38: =IF(30<=CALC!$D$1,MATCH(30,CALC!$B$2:$B$3001,0),"")
A39: =IF($K39="","",31) | B39: =IF($K39="","",IF(INDEX(BASELINE!$I$2:$I$3001,$K39)="","",INDEX(BASELINE!$I$2:$I$3001,$K39))) | C39: =IF($K39="","",IF(INDEX(BASELINE!$J$2:$J$3001,$K39)="","",INDEX(BASELINE!$J$2:$J$3001,$K39))) | D39: =IF($K39="","",IF(INDEX(BASELINE!$M$2:$M$3001,$K39)="","",INDEX(BASELINE!$M$2:$M$3001,$K39))) | E39: =IF($K39="","",IF(INDEX(BASELINE!$L$2:$L$3001,$K39)="","",INDEX(BASELINE!$L$2:$L$3001,$K39))) | F39: =IF($K39="","",IF(INDEX(BASELINE!$P$2:$P$3001,$K39)="","",INDEX(BASELINE!$P$2:$P$3001,$K39))) | G39: =IF($K39="","",IF(INDEX(BASELINE!$K$2:$K$3001,$K39)="","",INDEX(BASELINE!$K$2:$K$3001,$K39))) | H39: =IF($K39="","",IF(INDEX(BASELINE!$N$2:$N$3001,$K39)="","",INDEX(BASELINE!$N$2:$N$3001,$K39))) | I39: =IF($K39="","",IF(INDEX(BASELINE!$O$2:$O$3001,$K39)="","",INDEX(BASELINE!$O$2:$O$3001,$K39))) | J39: =IF($K39="","",IF(ISNUMBER(SEARCH("break",INDEX(BASELINE!$T$2:$T$3001,$K39)&"")),"SIM","")) | K39: =IF(31<=CALC!$D$1,MATCH(31,CALC!$B$2:$B$3001,0),"")
A40: =IF($K40="","",32) | B40: =IF($K40="","",IF(INDEX(BASELINE!$I$2:$I$3001,$K40)="","",INDEX(BASELINE!$I$2:$I$3001,$K40))) | C40: =IF($K40="","",IF(INDEX(BASELINE!$J$2:$J$3001,$K40)="","",INDEX(BASELINE!$J$2:$J$3001,$K40))) | D40: =IF($K40="","",IF(INDEX(BASELINE!$M$2:$M$3001,$K40)="","",INDEX(BASELINE!$M$2:$M$3001,$K40))) | E40: =IF($K40="","",IF(INDEX(BASELINE!$L$2:$L$3001,$K40)="","",INDEX(BASELINE!$L$2:$L$3001,$K40))) | F40: =IF($K40="","",IF(INDEX(BASELINE!$P$2:$P$3001,$K40)="","",INDEX(BASELINE!$P$2:$P$3001,$K40))) | G40: =IF($K40="","",IF(INDEX(BASELINE!$K$2:$K$3001,$K40)="","",INDEX(BASELINE!$K$2:$K$3001,$K40))) | H40: =IF($K40="","",IF(INDEX(BASELINE!$N$2:$N$3001,$K40)="","",INDEX(BASELINE!$N$2:$N$3001,$K40))) | I40: =IF($K40="","",IF(INDEX(BASELINE!$O$2:$O$3001,$K40)="","",INDEX(BASELINE!$O$2:$O$3001,$K40))) | J40: =IF($K40="","",IF(ISNUMBER(SEARCH("break",INDEX(BASELINE!$T$2:$T$3001,$K40)&"")),"SIM","")) | K40: =IF(32<=CALC!$D$1,MATCH(32,CALC!$B$2:$B$3001,0),"")
A41: =IF($K41="","",33) | B41: =IF($K41="","",IF(INDEX(BASELINE!$I$2:$I$3001,$K41)="","",INDEX(BASELINE!$I$2:$I$3001,$K41))) | C41: =IF($K41="","",IF(INDEX(BASELINE!$J$2:$J$3001,$K41)="","",INDEX(BASELINE!$J$2:$J$3001,$K41))) | D41: =IF($K41="","",IF(INDEX(BASELINE!$M$2:$M$3001,$K41)="","",INDEX(BASELINE!$M$2:$M$3001,$K41))) | E41: =IF($K41="","",IF(INDEX(BASELINE!$L$2:$L$3001,$K41)="","",INDEX(BASELINE!$L$2:$L$3001,$K41))) | F41: =IF($K41="","",IF(INDEX(BASELINE!$P$2:$P$3001,$K41)="","",INDEX(BASELINE!$P$2:$P$3001,$K41))) | G41: =IF($K41="","",IF(INDEX(BASELINE!$K$2:$K$3001,$K41)="","",INDEX(BASELINE!$K$2:$K$3001,$K41))) | H41: =IF($K41="","",IF(INDEX(BASELINE!$N$2:$N$3001,$K41)="","",INDEX(BASELINE!$N$2:$N$3001,$K41))) | I41: =IF($K41="","",IF(INDEX(BASELINE!$O$2:$O$3001,$K41)="","",INDEX(BASELINE!$O$2:$O$3001,$K41))) | J41: =IF($K41="","",IF(ISNUMBER(SEARCH("break",INDEX(BASELINE!$T$2:$T$3001,$K41)&"")),"SIM","")) | K41: =IF(33<=CALC!$D$1,MATCH(33,CALC!$B$2:$B$3001,0),"")
A42: =IF($K42="","",34) | B42: =IF($K42="","",IF(INDEX(BASELINE!$I$2:$I$3001,$K42)="","",INDEX(BASELINE!$I$2:$I$3001,$K42))) | C42: =IF($K42="","",IF(INDEX(BASELINE!$J$2:$J$3001,$K42)="","",INDEX(BASELINE!$J$2:$J$3001,$K42))) | D42: =IF($K42="","",IF(INDEX(BASELINE!$M$2:$M$3001,$K42)="","",INDEX(BASELINE!$M$2:$M$3001,$K42))) | E42: =IF($K42="","",IF(INDEX(BASELINE!$L$2:$L$3001,$K42)="","",INDEX(BASELINE!$L$2:$L$3001,$K42))) | F42: =IF($K42="","",IF(INDEX(BASELINE!$P$2:$P$3001,$K42)="","",INDEX(BASELINE!$P$2:$P$3001,$K42))) | G42: =IF($K42="","",IF(INDEX(BASELINE!$K$2:$K$3001,$K42)="","",INDEX(BASELINE!$K$2:$K$3001,$K42))) | H42: =IF($K42="","",IF(INDEX(BASELINE!$N$2:$N$3001,$K42)="","",INDEX(BASELINE!$N$2:$N$3001,$K42))) | I42: =IF($K42="","",IF(INDEX(BASELINE!$O$2:$O$3001,$K42)="","",INDEX(BASELINE!$O$2:$O$3001,$K42))) | J42: =IF($K42="","",IF(ISNUMBER(SEARCH("break",INDEX(BASELINE!$T$2:$T$3001,$K42)&"")),"SIM","")) | K42: =IF(34<=CALC!$D$1,MATCH(34,CALC!$B$2:$B$3001,0),"")
A43: =IF($K43="","",35) | B43: =IF($K43="","",IF(INDEX(BASELINE!$I$2:$I$3001,$K43)="","",INDEX(BASELINE!$I$2:$I$3001,$K43))) | C43: =IF($K43="","",IF(INDEX(BASELINE!$J$2:$J$3001,$K43)="","",INDEX(BASELINE!$J$2:$J$3001,$K43))) | D43: =IF($K43="","",IF(INDEX(BASELINE!$M$2:$M$3001,$K43)="","",INDEX(BASELINE!$M$2:$M$3001,$K43))) | E43: =IF($K43="","",IF(INDEX(BASELINE!$L$2:$L$3001,$K43)="","",INDEX(BASELINE!$L$2:$L$3001,$K43))) | F43: =IF($K43="","",IF(INDEX(BASELINE!$P$2:$P$3001,$K43)="","",INDEX(BASELINE!$P$2:$P$3001,$K43))) | G43: =IF($K43="","",IF(INDEX(BASELINE!$K$2:$K$3001,$K43)="","",INDEX(BASELINE!$K$2:$K$3001,$K43))) | H43: =IF($K43="","",IF(INDEX(BASELINE!$N$2:$N$3001,$K43)="","",INDEX(BASELINE!$N$2:$N$3001,$K43))) | I43: =IF($K43="","",IF(INDEX(BASELINE!$O$2:$O$3001,$K43)="","",INDEX(BASELINE!$O$2:$O$3001,$K43))) | J43: =IF($K43="","",IF(ISNUMBER(SEARCH("break",INDEX(BASELINE!$T$2:$T$3001,$K43)&"")),"SIM","")) | K43: =IF(35<=CALC!$D$1,MATCH(35,CALC!$B$2:$B$3001,0),"")
A44: =IF($K44="","",36) | B44: =IF($K44="","",IF(INDEX(BASELINE!$I$2:$I$3001,$K44)="","",INDEX(BASELINE!$I$2:$I$3001,$K44))) | C44: =IF($K44="","",IF(INDEX(BASELINE!$J$2:$J$3001,$K44)="","",INDEX(BASELINE!$J$2:$J$3001,$K44))) | D44: =IF($K44="","",IF(INDEX(BASELINE!$M$2:$M$3001,$K44)="","",INDEX(BASELINE!$M$2:$M$3001,$K44))) | E44: =IF($K44="","",IF(INDEX(BASELINE!$L$2:$L$3001,$K44)="","",INDEX(BASELINE!$L$2:$L$3001,$K44))) | F44: =IF($K44="","",IF(INDEX(BASELINE!$P$2:$P$3001,$K44)="","",INDEX(BASELINE!$P$2:$P$3001,$K44))) | G44: =IF($K44="","",IF(INDEX(BASELINE!$K$2:$K$3001,$K44)="","",INDEX(BASELINE!$K$2:$K$3001,$K44))) | H44: =IF($K44="","",IF(INDEX(BASELINE!$N$2:$N$3001,$K44)="","",INDEX(BASELINE!$N$2:$N$3001,$K44))) | I44: =IF($K44="","",IF(INDEX(BASELINE!$O$2:$O$3001,$K44)="","",INDEX(BASELINE!$O$2:$O$3001,$K44))) | J44: =IF($K44="","",IF(ISNUMBER(SEARCH("break",INDEX(BASELINE!$T$2:$T$3001,$K44)&"")),"SIM","")) | K44: =IF(36<=CALC!$D$1,MATCH(36,CALC!$B$2:$B$3001,0),"")
A45: =IF($K45="","",37) | B45: =IF($K45="","",IF(INDEX(BASELINE!$I$2:$I$3001,$K45)="","",INDEX(BASELINE!$I$2:$I$3001,$K45))) | C45: =IF($K45="","",IF(INDEX(BASELINE!$J$2:$J$3001,$K45)="","",INDEX(BASELINE!$J$2:$J$3001,$K45))) | D45: =IF($K45="","",IF(INDEX(BASELINE!$M$2:$M$3001,$K45)="","",INDEX(BASELINE!$M$2:$M$3001,$K45))) | E45: =IF($K45="","",IF(INDEX(BASELINE!$L$2:$L$3001,$K45)="","",INDEX(BASELINE!$L$2:$L$3001,$K45))) | F45: =IF($K45="","",IF(INDEX(BASELINE!$P$2:$P$3001,$K45)="","",INDEX(BASELINE!$P$2:$P$3001,$K45))) | G45: =IF($K45="","",IF(INDEX(BASELINE!$K$2:$K$3001,$K45)="","",INDEX(BASELINE!$K$2:$K$3001,$K45))) | H45: =IF($K45="","",IF(INDEX(BASELINE!$N$2:$N$3001,$K45)="","",INDEX(BASELINE!$N$2:$N$3001,$K45))) | I45: =IF($K45="","",IF(INDEX(BASELINE!$O$2:$O$3001,$K45)="","",INDEX(BASELINE!$O$2:$O$3001,$K45))) | J45: =IF($K45="","",IF(ISNUMBER(SEARCH("break",INDEX(BASELINE!$T$2:$T$3001,$K45)&"")),"SIM","")) | K45: =IF(37<=CALC!$D$1,MATCH(37,CALC!$B$2:$B$3001,0),"")
A46: =IF($K46="","",38) | B46: =IF($K46="","",IF(INDEX(BASELINE!$I$2:$I$3001,$K46)="","",INDEX(BASELINE!$I$2:$I$3001,$K46))) | C46: =IF($K46="","",IF(INDEX(BASELINE!$J$2:$J$3001,$K46)="","",INDEX(BASELINE!$J$2:$J$3001,$K46))) | D46: =IF($K46="","",IF(INDEX(BASELINE!$M$2:$M$3001,$K46)="","",INDEX(BASELINE!$M$2:$M$3001,$K46))) | E46: =IF($K46="","",IF(INDEX(BASELINE!$L$2:$L$3001,$K46)="","",INDEX(BASELINE!$L$2:$L$3001,$K46))) | F46: =IF($K46="","",IF(INDEX(BASELINE!$P$2:$P$3001,$K46)="","",INDEX(BASELINE!$P$2:$P$3001,$K46))) | G46: =IF($K46="","",IF(INDEX(BASELINE!$K$2:$K$3001,$K46)="","",INDEX(BASELINE!$K$2:$K$3001,$K46))) | H46: =IF($K46="","",IF(INDEX(BASELINE!$N$2:$N$3001,$K46)="","",INDEX(BASELINE!$N$2:$N$3001,$K46))) | I46: =IF($K46="","",IF(INDEX(BASELINE!$O$2:$O$3001,$K46)="","",INDEX(BASELINE!$O$2:$O$3001,$K46))) | J46: =IF($K46="","",IF(ISNUMBER(SEARCH("break",INDEX(BASELINE!$T$2:$T$3001,$K46)&"")),"SIM","")) | K46: =IF(38<=CALC!$D$1,MATCH(38,CALC!$B$2:$B$3001,0),"")
A47: =IF($K47="","",39) | B47: =IF($K47="","",IF(INDEX(BASELINE!$I$2:$I$3001,$K47)="","",INDEX(BASELINE!$I$2:$I$3001,$K47))) | C47: =IF($K47="","",IF(INDEX(BASELINE!$J$2:$J$3001,$K47)="","",INDEX(BASELINE!$J$2:$J$3001,$K47))) | D47: =IF($K47="","",IF(INDEX(BASELINE!$M$2:$M$3001,$K47)="","",INDEX(BASELINE!$M$2:$M$3001,$K47))) | E47: =IF($K47="","",IF(INDEX(BASELINE!$L$2:$L$3001,$K47)="","",INDEX(BASELINE!$L$2:$L$3001,$K47))) | F47: =IF($K47="","",IF(INDEX(BASELINE!$P$2:$P$3001,$K47)="","",INDEX(BASELINE!$P$2:$P$3001,$K47))) | G47: =IF($K47="","",IF(INDEX(BASELINE!$K$2:$K$3001,$K47)="","",INDEX(BASELINE!$K$2:$K$3001,$K47))) | H47: =IF($K47="","",IF(INDEX(BASELINE!$N$2:$N$3001,$K47)="","",INDEX(BASELINE!$N$2:$N$3001,$K47))) | I47: =IF($K47="","",IF(INDEX(BASELINE!$O$2:$O$3001,$K47)="","",INDEX(BASELINE!$O$2:$O$3001,$K47))) | J47: =IF($K47="","",IF(ISNUMBER(SEARCH("break",INDEX(BASELINE!$T$2:$T$3001,$K47)&"")),"SIM","")) | K47: =IF(39<=CALC!$D$1,MATCH(39,CALC!$B$2:$B$3001,0),"")
A48: =IF($K48="","",40) | B48: =IF($K48="","",IF(INDEX(BASELINE!$I$2:$I$3001,$K48)="","",INDEX(BASELINE!$I$2:$I$3001,$K48))) | C48: =IF($K48="","",IF(INDEX(BASELINE!$J$2:$J$3001,$K48)="","",INDEX(BASELINE!$J$2:$J$3001,$K48))) | D48: =IF($K48="","",IF(INDEX(BASELINE!$M$2:$M$3001,$K48)="","",INDEX(BASELINE!$M$2:$M$3001,$K48))) | E48: =IF($K48="","",IF(INDEX(BASELINE!$L$2:$L$3001,$K48)="","",INDEX(BASELINE!$L$2:$L$3001,$K48))) | F48: =IF($K48="","",IF(INDEX(BASELINE!$P$2:$P$3001,$K48)="","",INDEX(BASELINE!$P$2:$P$3001,$K48))) | G48: =IF($K48="","",IF(INDEX(BASELINE!$K$2:$K$3001,$K48)="","",INDEX(BASELINE!$K$2:$K$3001,$K48))) | H48: =IF($K48="","",IF(INDEX(BASELINE!$N$2:$N$3001,$K48)="","",INDEX(BASELINE!$N$2:$N$3001,$K48))) | I48: =IF($K48="","",IF(INDEX(BASELINE!$O$2:$O$3001,$K48)="","",INDEX(BASELINE!$O$2:$O$3001,$K48))) | J48: =IF($K48="","",IF(ISNUMBER(SEARCH("break",INDEX(BASELINE!$T$2:$T$3001,$K48)&"")),"SIM","")) | K48: =IF(40<=CALC!$D$1,MATCH(40,CALC!$B$2:$B$3001,0),"")
A49: =IF($K49="","",41) | B49: =IF($K49="","",IF(INDEX(BASELINE!$I$2:$I$3001,$K49)="","",INDEX(BASELINE!$I$2:$I$3001,$K49))) | C49: =IF($K49="","",IF(INDEX(BASELINE!$J$2:$J$3001,$K49)="","",INDEX(BASELINE!$J$2:$J$3001,$K49))) | D49: =IF($K49="","",IF(INDEX(BASELINE!$M$2:$M$3001,$K49)="","",INDEX(BASELINE!$M$2:$M$3001,$K49))) | E49: =IF($K49="","",IF(INDEX(BASELINE!$L$2:$L$3001,$K49)="","",INDEX(BASELINE!$L$2:$L$3001,$K49))) | F49: =IF($K49="","",IF(INDEX(BASELINE!$P$2:$P$3001,$K49)="","",INDEX(BASELINE!$P$2:$P$3001,$K49))) | G49: =IF($K49="","",IF(INDEX(BASELINE!$K$2:$K$3001,$K49)="","",INDEX(BASELINE!$K$2:$K$3001,$K49))) | H49: =IF($K49="","",IF(INDEX(BASELINE!$N$2:$N$3001,$K49)="","",INDEX(BASELINE!$N$2:$N$3001,$K49))) | I49: =IF($K49="","",IF(INDEX(BASELINE!$O$2:$O$3001,$K49)="","",INDEX(BASELINE!$O$2:$O$3001,$K49))) | J49: =IF($K49="","",IF(ISNUMBER(SEARCH("break",INDEX(BASELINE!$T$2:$T$3001,$K49)&"")),"SIM","")) | K49: =IF(41<=CALC!$D$1,MATCH(41,CALC!$B$2:$B$3001,0),"")
A50: =IF($K50="","",42) | B50: =IF($K50="","",IF(INDEX(BASELINE!$I$2:$I$3001,$K50)="","",INDEX(BASELINE!$I$2:$I$3001,$K50))) | C50: =IF($K50="","",IF(INDEX(BASELINE!$J$2:$J$3001,$K50)="","",INDEX(BASELINE!$J$2:$J$3001,$K50))) | D50: =IF($K50="","",IF(INDEX(BASELINE!$M$2:$M$3001,$K50)="","",INDEX(BASELINE!$M$2:$M$3001,$K50))) | E50: =IF($K50="","",IF(INDEX(BASELINE!$L$2:$L$3001,$K50)="","",INDEX(BASELINE!$L$2:$L$3001,$K50))) | F50: =IF($K50="","",IF(INDEX(BASELINE!$P$2:$P$3001,$K50)="","",INDEX(BASELINE!$P$2:$P$3001,$K50))) | G50: =IF($K50="","",IF(INDEX(BASELINE!$K$2:$K$3001,$K50)="","",INDEX(BASELINE!$K$2:$K$3001,$K50))) | H50: =IF($K50="","",IF(INDEX(BASELINE!$N$2:$N$3001,$K50)="","",INDEX(BASELINE!$N$2:$N$3001,$K50))) | I50: =IF($K50="","",IF(INDEX(BASELINE!$O$2:$O$3001,$K50)="","",INDEX(BASELINE!$O$2:$O$3001,$K50))) | J50: =IF($K50="","",IF(ISNUMBER(SEARCH("break",INDEX(BASELINE!$T$2:$T$3001,$K50)&"")),"SIM","")) | K50: =IF(42<=CALC!$D$1,MATCH(42,CALC!$B$2:$B$3001,0),"")
A51: =IF($K51="","",43) | B51: =IF($K51="","",IF(INDEX(BASELINE!$I$2:$I$3001,$K51)="","",INDEX(BASELINE!$I$2:$I$3001,$K51))) | C51: =IF($K51="","",IF(INDEX(BASELINE!$J$2:$J$3001,$K51)="","",INDEX(BASELINE!$J$2:$J$3001,$K51))) | D51: =IF($K51="","",IF(INDEX(BASELINE!$M$2:$M$3001,$K51)="","",INDEX(BASELINE!$M$2:$M$3001,$K51))) | E51: =IF($K51="","",IF(INDEX(BASELINE!$L$2:$L$3001,$K51)="","",INDEX(BASELINE!$L$2:$L$3001,$K51))) | F51: =IF($K51="","",IF(INDEX(BASELINE!$P$2:$P$3001,$K51)="","",INDEX(BASELINE!$P$2:$P$3001,$K51))) | G51: =IF($K51="","",IF(INDEX(BASELINE!$K$2:$K$3001,$K51)="","",INDEX(BASELINE!$K$2:$K$3001,$K51))) | H51: =IF($K51="","",IF(INDEX(BASELINE!$N$2:$N$3001,$K51)="","",INDEX(BASELINE!$N$2:$N$3001,$K51))) | I51: =IF($K51="","",IF(INDEX(BASELINE!$O$2:$O$3001,$K51)="","",INDEX(BASELINE!$O$2:$O$3001,$K51))) | J51: =IF($K51="","",IF(ISNUMBER(SEARCH("break",INDEX(BASELINE!$T$2:$T$3001,$K51)&"")),"SIM","")) | K51: =IF(43<=CALC!$D$1,MATCH(43,CALC!$B$2:$B$3001,0),"")
A52: =IF($K52="","",44) | B52: =IF($K52="","",IF(INDEX(BASELINE!$I$2:$I$3001,$K52)="","",INDEX(BASELINE!$I$2:$I$3001,$K52))) | C52: =IF($K52="","",IF(INDEX(BASELINE!$J$2:$J$3001,$K52)="","",INDEX(BASELINE!$J$2:$J$3001,$K52))) | D52: =IF($K52="","",IF(INDEX(BASELINE!$M$2:$M$3001,$K52)="","",INDEX(BASELINE!$M$2:$M$3001,$K52))) | E52: =IF($K52="","",IF(INDEX(BASELINE!$L$2:$L$3001,$K52)="","",INDEX(BASELINE!$L$2:$L$3001,$K52))) | F52: =IF($K52="","",IF(INDEX(BASELINE!$P$2:$P$3001,$K52)="","",INDEX(BASELINE!$P$2:$P$3001,$K52))) | G52: =IF($K52="","",IF(INDEX(BASELINE!$K$2:$K$3001,$K52)="","",INDEX(BASELINE!$K$2:$K$3001,$K52))) | H52: =IF($K52="","",IF(INDEX(BASELINE!$N$2:$N$3001,$K52)="","",INDEX(BASELINE!$N$2:$N$3001,$K52))) | I52: =IF($K52="","",IF(INDEX(BASELINE!$O$2:$O$3001,$K52)="","",INDEX(BASELINE!$O$2:$O$3001,$K52))) | J52: =IF($K52="","",IF(ISNUMBER(SEARCH("break",INDEX(BASELINE!$T$2:$T$3001,$K52)&"")),"SIM","")) | K52: =IF(44<=CALC!$D$1,MATCH(44,CALC!$B$2:$B$3001,0),"")
A53: =IF($K53="","",45) | B53: =IF($K53="","",IF(INDEX(BASELINE!$I$2:$I$3001,$K53)="","",INDEX(BASELINE!$I$2:$I$3001,$K53))) | C53: =IF($K53="","",IF(INDEX(BASELINE!$J$2:$J$3001,$K53)="","",INDEX(BASELINE!$J$2:$J$3001,$K53))) | D53: =IF($K53="","",IF(INDEX(BASELINE!$M$2:$M$3001,$K53)="","",INDEX(BASELINE!$M$2:$M$3001,$K53))) | E53: =IF($K53="","",IF(INDEX(BASELINE!$L$2:$L$3001,$K53)="","",INDEX(BASELINE!$L$2:$L$3001,$K53))) | F53: =IF($K53="","",IF(INDEX(BASELINE!$P$2:$P$3001,$K53)="","",INDEX(BASELINE!$P$2:$P$3001,$K53))) | G53: =IF($K53="","",IF(INDEX(BASELINE!$K$2:$K$3001,$K53)="","",INDEX(BASELINE!$K$2:$K$3001,$K53))) | H53: =IF($K53="","",IF(INDEX(BASELINE!$N$2:$N$3001,$K53)="","",INDEX(BASELINE!$N$2:$N$3001,$K53))) | I53: =IF($K53="","",IF(INDEX(BASELINE!$O$2:$O$3001,$K53)="","",INDEX(BASELINE!$O$2:$O$3001,$K53))) | J53: =IF($K53="","",IF(ISNUMBER(SEARCH("break",INDEX(BASELINE!$T$2:$T$3001,$K53)&"")),"SIM","")) | K53: =IF(45<=CALC!$D$1,MATCH(45,CALC!$B$2:$B$3001,0),"")
A54: =IF($K54="","",46) | B54: =IF($K54="","",IF(INDEX(BASELINE!$I$2:$I$3001,$K54)="","",INDEX(BASELINE!$I$2:$I$3001,$K54))) | C54: =IF($K54="","",IF(INDEX(BASELINE!$J$2:$J$3001,$K54)="","",INDEX(BASELINE!$J$2:$J$3001,$K54))) | D54: =IF($K54="","",IF(INDEX(BASELINE!$M$2:$M$3001,$K54)="","",INDEX(BASELINE!$M$2:$M$3001,$K54))) | E54: =IF($K54="","",IF(INDEX(BASELINE!$L$2:$L$3001,$K54)="","",INDEX(BASELINE!$L$2:$L$3001,$K54))) | F54: =IF($K54="","",IF(INDEX(BASELINE!$P$2:$P$3001,$K54)="","",INDEX(BASELINE!$P$2:$P$3001,$K54))) | G54: =IF($K54="","",IF(INDEX(BASELINE!$K$2:$K$3001,$K54)="","",INDEX(BASELINE!$K$2:$K$3001,$K54))) | H54: =IF($K54="","",IF(INDEX(BASELINE!$N$2:$N$3001,$K54)="","",INDEX(BASELINE!$N$2:$N$3001,$K54))) | I54: =IF($K54="","",IF(INDEX(BASELINE!$O$2:$O$3001,$K54)="","",INDEX(BASELINE!$O$2:$O$3001,$K54))) | J54: =IF($K54="","",IF(ISNUMBER(SEARCH("break",INDEX(BASELINE!$T$2:$T$3001,$K54)&"")),"SIM","")) | K54: =IF(46<=CALC!$D$1,MATCH(46,CALC!$B$2:$B$3001,0),"")
A55: =IF($K55="","",47) | B55: =IF($K55="","",IF(INDEX(BASELINE!$I$2:$I$3001,$K55)="","",INDEX(BASELINE!$I$2:$I$3001,$K55))) | C55: =IF($K55="","",IF(INDEX(BASELINE!$J$2:$J$3001,$K55)="","",INDEX(BASELINE!$J$2:$J$3001,$K55))) | D55: =IF($K55="","",IF(INDEX(BASELINE!$M$2:$M$3001,$K55)="","",INDEX(BASELINE!$M$2:$M$3001,$K55))) | E55: =IF($K55="","",IF(INDEX(BASELINE!$L$2:$L$3001,$K55)="","",INDEX(BASELINE!$L$2:$L$3001,$K55))) | F55: =IF($K55="","",IF(INDEX(BASELINE!$P$2:$P$3001,$K55)="","",INDEX(BASELINE!$P$2:$P$3001,$K55))) | G55: =IF($K55="","",IF(INDEX(BASELINE!$K$2:$K$3001,$K55)="","",INDEX(BASELINE!$K$2:$K$3001,$K55))) | H55: =IF($K55="","",IF(INDEX(BASELINE!$N$2:$N$3001,$K55)="","",INDEX(BASELINE!$N$2:$N$3001,$K55))) | I55: =IF($K55="","",IF(INDEX(BASELINE!$O$2:$O$3001,$K55)="","",INDEX(BASELINE!$O$2:$O$3001,$K55))) | J55: =IF($K55="","",IF(ISNUMBER(SEARCH("break",INDEX(BASELINE!$T$2:$T$3001,$K55)&"")),"SIM","")) | K55: =IF(47<=CALC!$D$1,MATCH(47,CALC!$B$2:$B$3001,0),"")
A56: =IF($K56="","",48) | B56: =IF($K56="","",IF(INDEX(BASELINE!$I$2:$I$3001,$K56)="","",INDEX(BASELINE!$I$2:$I$3001,$K56))) | C56: =IF($K56="","",IF(INDEX(BASELINE!$J$2:$J$3001,$K56)="","",INDEX(BASELINE!$J$2:$J$3001,$K56))) | D56: =IF($K56="","",IF(INDEX(BASELINE!$M$2:$M$3001,$K56)="","",INDEX(BASELINE!$M$2:$M$3001,$K56))) | E56: =IF($K56="","",IF(INDEX(BASELINE!$L$2:$L$3001,$K56)="","",INDEX(BASELINE!$L$2:$L$3001,$K56))) | F56: =IF($K56="","",IF(INDEX(BASELINE!$P$2:$P$3001,$K56)="","",INDEX(BASELINE!$P$2:$P$3001,$K56))) | G56: =IF($K56="","",IF(INDEX(BASELINE!$K$2:$K$3001,$K56)="","",INDEX(BASELINE!$K$2:$K$3001,$K56))) | H56: =IF($K56="","",IF(INDEX(BASELINE!$N$2:$N$3001,$K56)="","",INDEX(BASELINE!$N$2:$N$3001,$K56))) | I56: =IF($K56="","",IF(INDEX(BASELINE!$O$2:$O$3001,$K56)="","",INDEX(BASELINE!$O$2:$O$3001,$K56))) | J56: =IF($K56="","",IF(ISNUMBER(SEARCH("break",INDEX(BASELINE!$T$2:$T$3001,$K56)&"")),"SIM","")) | K56: =IF(48<=CALC!$D$1,MATCH(48,CALC!$B$2:$B$3001,0),"")
A57: =IF($K57="","",49) | B57: =IF($K57="","",IF(INDEX(BASELINE!$I$2:$I$3001,$K57)="","",INDEX(BASELINE!$I$2:$I$3001,$K57))) | C57: =IF($K57="","",IF(INDEX(BASELINE!$J$2:$J$3001,$K57)="","",INDEX(BASELINE!$J$2:$J$3001,$K57))) | D57: =IF($K57="","",IF(INDEX(BASELINE!$M$2:$M$3001,$K57)="","",INDEX(BASELINE!$M$2:$M$3001,$K57))) | E57: =IF($K57="","",IF(INDEX(BASELINE!$L$2:$L$3001,$K57)="","",INDEX(BASELINE!$L$2:$L$3001,$K57))) | F57: =IF($K57="","",IF(INDEX(BASELINE!$P$2:$P$3001,$K57)="","",INDEX(BASELINE!$P$2:$P$3001,$K57))) | G57: =IF($K57="","",IF(INDEX(BASELINE!$K$2:$K$3001,$K57)="","",INDEX(BASELINE!$K$2:$K$3001,$K57))) | H57: =IF($K57="","",IF(INDEX(BASELINE!$N$2:$N$3001,$K57)="","",INDEX(BASELINE!$N$2:$N$3001,$K57))) | I57: =IF($K57="","",IF(INDEX(BASELINE!$O$2:$O$3001,$K57)="","",INDEX(BASELINE!$O$2:$O$3001,$K57))) | J57: =IF($K57="","",IF(ISNUMBER(SEARCH("break",INDEX(BASELINE!$T$2:$T$3001,$K57)&"")),"SIM","")) | K57: =IF(49<=CALC!$D$1,MATCH(49,CALC!$B$2:$B$3001,0),"")
A58: =IF($K58="","",50) | B58: =IF($K58="","",IF(INDEX(BASELINE!$I$2:$I$3001,$K58)="","",INDEX(BASELINE!$I$2:$I$3001,$K58))) | C58: =IF($K58="","",IF(INDEX(BASELINE!$J$2:$J$3001,$K58)="","",INDEX(BASELINE!$J$2:$J$3001,$K58))) | D58: =IF($K58="","",IF(INDEX(BASELINE!$M$2:$M$3001,$K58)="","",INDEX(BASELINE!$M$2:$M$3001,$K58))) | E58: =IF($K58="","",IF(INDEX(BASELINE!$L$2:$L$3001,$K58)="","",INDEX(BASELINE!$L$2:$L$3001,$K58))) | F58: =IF($K58="","",IF(INDEX(BASELINE!$P$2:$P$3001,$K58)="","",INDEX(BASELINE!$P$2:$P$3001,$K58))) | G58: =IF($K58="","",IF(INDEX(BASELINE!$K$2:$K$3001,$K58)="","",INDEX(BASELINE!$K$2:$K$3001,$K58))) | H58: =IF($K58="","",IF(INDEX(BASELINE!$N$2:$N$3001,$K58)="","",INDEX(BASELINE!$N$2:$N$3001,$K58))) | I58: =IF($K58="","",IF(INDEX(BASELINE!$O$2:$O$3001,$K58)="","",INDEX(BASELINE!$O$2:$O$3001,$K58))) | J58: =IF($K58="","",IF(ISNUMBER(SEARCH("break",INDEX(BASELINE!$T$2:$T$3001,$K58)&"")),"SIM","")) | K58: =IF(50<=CALC!$D$1,MATCH(50,CALC!$B$2:$B$3001,0),"")
A59: =IF($K59="","",51) | B59: =IF($K59="","",IF(INDEX(BASELINE!$I$2:$I$3001,$K59)="","",INDEX(BASELINE!$I$2:$I$3001,$K59))) | C59: =IF($K59="","",IF(INDEX(BASELINE!$J$2:$J$3001,$K59)="","",INDEX(BASELINE!$J$2:$J$3001,$K59))) | D59: =IF($K59="","",IF(INDEX(BASELINE!$M$2:$M$3001,$K59)="","",INDEX(BASELINE!$M$2:$M$3001,$K59))) | E59: =IF($K59="","",IF(INDEX(BASELINE!$L$2:$L$3001,$K59)="","",INDEX(BASELINE!$L$2:$L$3001,$K59))) | F59: =IF($K59="","",IF(INDEX(BASELINE!$P$2:$P$3001,$K59)="","",INDEX(BASELINE!$P$2:$P$3001,$K59))) | G59: =IF($K59="","",IF(INDEX(BASELINE!$K$2:$K$3001,$K59)="","",INDEX(BASELINE!$K$2:$K$3001,$K59))) | H59: =IF($K59="","",IF(INDEX(BASELINE!$N$2:$N$3001,$K59)="","",INDEX(BASELINE!$N$2:$N$3001,$K59))) | I59: =IF($K59="","",IF(INDEX(BASELINE!$O$2:$O$3001,$K59)="","",INDEX(BASELINE!$O$2:$O$3001,$K59))) | J59: =IF($K59="","",IF(ISNUMBER(SEARCH("break",INDEX(BASELINE!$T$2:$T$3001,$K59)&"")),"SIM","")) | K59: =IF(51<=CALC!$D$1,MATCH(51,CALC!$B$2:$B$3001,0),"")
A60: =IF($K60="","",52) | B60: =IF($K60="","",IF(INDEX(BASELINE!$I$2:$I$3001,$K60)="","",INDEX(BASELINE!$I$2:$I$3001,$K60))) | C60: =IF($K60="","",IF(INDEX(BASELINE!$J$2:$J$3001,$K60)="","",INDEX(BASELINE!$J$2:$J$3001,$K60))) | D60: =IF($K60="","",IF(INDEX(BASELINE!$M$2:$M$3001,$K60)="","",INDEX(BASELINE!$M$2:$M$3001,$K60))) | E60: =IF($K60="","",IF(INDEX(BASELINE!$L$2:$L$3001,$K60)="","",INDEX(BASELINE!$L$2:$L$3001,$K60))) | F60: =IF($K60="","",IF(INDEX(BASELINE!$P$2:$P$3001,$K60)="","",INDEX(BASELINE!$P$2:$P$3001,$K60))) | G60: =IF($K60="","",IF(INDEX(BASELINE!$K$2:$K$3001,$K60)="","",INDEX(BASELINE!$K$2:$K$3001,$K60))) | H60: =IF($K60="","",IF(INDEX(BASELINE!$N$2:$N$3001,$K60)="","",INDEX(BASELINE!$N$2:$N$3001,$K60))) | I60: =IF($K60="","",IF(INDEX(BASELINE!$O$2:$O$3001,$K60)="","",INDEX(BASELINE!$O$2:$O$3001,$K60))) | J60: =IF($K60="","",IF(ISNUMBER(SEARCH("break",INDEX(BASELINE!$T$2:$T$3001,$K60)&"")),"SIM","")) | K60: =IF(52<=CALC!$D$1,MATCH(52,CALC!$B$2:$B$3001,0),"")
A61: =IF($K61="","",53) | B61: =IF($K61="","",IF(INDEX(BASELINE!$I$2:$I$3001,$K61)="","",INDEX(BASELINE!$I$2:$I$3001,$K61))) | C61: =IF($K61="","",IF(INDEX(BASELINE!$J$2:$J$3001,$K61)="","",INDEX(BASELINE!$J$2:$J$3001,$K61))) | D61: =IF($K61="","",IF(INDEX(BASELINE!$M$2:$M$3001,$K61)="","",INDEX(BASELINE!$M$2:$M$3001,$K61))) | E61: =IF($K61="","",IF(INDEX(BASELINE!$L$2:$L$3001,$K61)="","",INDEX(BASELINE!$L$2:$L$3001,$K61))) | F61: =IF($K61="","",IF(INDEX(BASELINE!$P$2:$P$3001,$K61)="","",INDEX(BASELINE!$P$2:$P$3001,$K61))) | G61: =IF($K61="","",IF(INDEX(BASELINE!$K$2:$K$3001,$K61)="","",INDEX(BASELINE!$K$2:$K$3001,$K61))) | H61: =IF($K61="","",IF(INDEX(BASELINE!$N$2:$N$3001,$K61)="","",INDEX(BASELINE!$N$2:$N$3001,$K61))) | I61: =IF($K61="","",IF(INDEX(BASELINE!$O$2:$O$3001,$K61)="","",INDEX(BASELINE!$O$2:$O$3001,$K61))) | J61: =IF($K61="","",IF(ISNUMBER(SEARCH("break",INDEX(BASELINE!$T$2:$T$3001,$K61)&"")),"SIM","")) | K61: =IF(53<=CALC!$D$1,MATCH(53,CALC!$B$2:$B$3001,0),"")
A62: =IF($K62="","",54) | B62: =IF($K62="","",IF(INDEX(BASELINE!$I$2:$I$3001,$K62)="","",INDEX(BASELINE!$I$2:$I$3001,$K62))) | C62: =IF($K62="","",IF(INDEX(BASELINE!$J$2:$J$3001,$K62)="","",INDEX(BASELINE!$J$2:$J$3001,$K62))) | D62: =IF($K62="","",IF(INDEX(BASELINE!$M$2:$M$3001,$K62)="","",INDEX(BASELINE!$M$2:$M$3001,$K62))) | E62: =IF($K62="","",IF(INDEX(BASELINE!$L$2:$L$3001,$K62)="","",INDEX(BASELINE!$L$2:$L$3001,$K62))) | F62: =IF($K62="","",IF(INDEX(BASELINE!$P$2:$P$3001,$K62)="","",INDEX(BASELINE!$P$2:$P$3001,$K62))) | G62: =IF($K62="","",IF(INDEX(BASELINE!$K$2:$K$3001,$K62)="","",INDEX(BASELINE!$K$2:$K$3001,$K62))) | H62: =IF($K62="","",IF(INDEX(BASELINE!$N$2:$N$3001,$K62)="","",INDEX(BASELINE!$N$2:$N$3001,$K62))) | I62: =IF($K62="","",IF(INDEX(BASELINE!$O$2:$O$3001,$K62)="","",INDEX(BASELINE!$O$2:$O$3001,$K62))) | J62: =IF($K62="","",IF(ISNUMBER(SEARCH("break",INDEX(BASELINE!$T$2:$T$3001,$K62)&"")),"SIM","")) | K62: =IF(54<=CALC!$D$1,MATCH(54,CALC!$B$2:$B$3001,0),"")
A63: =IF($K63="","",55) | B63: =IF($K63="","",IF(INDEX(BASELINE!$I$2:$I$3001,$K63)="","",INDEX(BASELINE!$I$2:$I$3001,$K63))) | C63: =IF($K63="","",IF(INDEX(BASELINE!$J$2:$J$3001,$K63)="","",INDEX(BASELINE!$J$2:$J$3001,$K63))) | D63: =IF($K63="","",IF(INDEX(BASELINE!$M$2:$M$3001,$K63)="","",INDEX(BASELINE!$M$2:$M$3001,$K63))) | E63: =IF($K63="","",IF(INDEX(BASELINE!$L$2:$L$3001,$K63)="","",INDEX(BASELINE!$L$2:$L$3001,$K63))) | F63: =IF($K63="","",IF(INDEX(BASELINE!$P$2:$P$3001,$K63)="","",INDEX(BASELINE!$P$2:$P$3001,$K63))) | G63: =IF($K63="","",IF(INDEX(BASELINE!$K$2:$K$3001,$K63)="","",INDEX(BASELINE!$K$2:$K$3001,$K63))) | H63: =IF($K63="","",IF(INDEX(BASELINE!$N$2:$N$3001,$K63)="","",INDEX(BASELINE!$N$2:$N$3001,$K63))) | I63: =IF($K63="","",IF(INDEX(BASELINE!$O$2:$O$3001,$K63)="","",INDEX(BASELINE!$O$2:$O$3001,$K63))) | J63: =IF($K63="","",IF(ISNUMBER(SEARCH("break",INDEX(BASELINE!$T$2:$T$3001,$K63)&"")),"SIM","")) | K63: =IF(55<=CALC!$D$1,MATCH(55,CALC!$B$2:$B$3001,0),"")
A64: =IF($K64="","",56) | B64: =IF($K64="","",IF(INDEX(BASELINE!$I$2:$I$3001,$K64)="","",INDEX(BASELINE!$I$2:$I$3001,$K64))) | C64: =IF($K64="","",IF(INDEX(BASELINE!$J$2:$J$3001,$K64)="","",INDEX(BASELINE!$J$2:$J$3001,$K64))) | D64: =IF($K64="","",IF(INDEX(BASELINE!$M$2:$M$3001,$K64)="","",INDEX(BASELINE!$M$2:$M$3001,$K64))) | E64: =IF($K64="","",IF(INDEX(BASELINE!$L$2:$L$3001,$K64)="","",INDEX(BASELINE!$L$2:$L$3001,$K64))) | F64: =IF($K64="","",IF(INDEX(BASELINE!$P$2:$P$3001,$K64)="","",INDEX(BASELINE!$P$2:$P$3001,$K64))) | G64: =IF($K64="","",IF(INDEX(BASELINE!$K$2:$K$3001,$K64)="","",INDEX(BASELINE!$K$2:$K$3001,$K64))) | H64: =IF($K64="","",IF(INDEX(BASELINE!$N$2:$N$3001,$K64)="","",INDEX(BASELINE!$N$2:$N$3001,$K64))) | I64: =IF($K64="","",IF(INDEX(BASELINE!$O$2:$O$3001,$K64)="","",INDEX(BASELINE!$O$2:$O$3001,$K64))) | J64: =IF($K64="","",IF(ISNUMBER(SEARCH("break",INDEX(BASELINE!$T$2:$T$3001,$K64)&"")),"SIM","")) | K64: =IF(56<=CALC!$D$1,MATCH(56,CALC!$B$2:$B$3001,0),"")
A65: =IF($K65="","",57) | B65: =IF($K65="","",IF(INDEX(BASELINE!$I$2:$I$3001,$K65)="","",INDEX(BASELINE!$I$2:$I$3001,$K65))) | C65: =IF($K65="","",IF(INDEX(BASELINE!$J$2:$J$3001,$K65)="","",INDEX(BASELINE!$J$2:$J$3001,$K65))) | D65: =IF($K65="","",IF(INDEX(BASELINE!$M$2:$M$3001,$K65)="","",INDEX(BASELINE!$M$2:$M$3001,$K65))) | E65: =IF($K65="","",IF(INDEX(BASELINE!$L$2:$L$3001,$K65)="","",INDEX(BASELINE!$L$2:$L$3001,$K65))) | F65: =IF($K65="","",IF(INDEX(BASELINE!$P$2:$P$3001,$K65)="","",INDEX(BASELINE!$P$2:$P$3001,$K65))) | G65: =IF($K65="","",IF(INDEX(BASELINE!$K$2:$K$3001,$K65)="","",INDEX(BASELINE!$K$2:$K$3001,$K65))) | H65: =IF($K65="","",IF(INDEX(BASELINE!$N$2:$N$3001,$K65)="","",INDEX(BASELINE!$N$2:$N$3001,$K65))) | I65: =IF($K65="","",IF(INDEX(BASELINE!$O$2:$O$3001,$K65)="","",INDEX(BASELINE!$O$2:$O$3001,$K65))) | J65: =IF($K65="","",IF(ISNUMBER(SEARCH("break",INDEX(BASELINE!$T$2:$T$3001,$K65)&"")),"SIM","")) | K65: =IF(57<=CALC!$D$1,MATCH(57,CALC!$B$2:$B$3001,0),"")
A66: =IF($K66="","",58) | B66: =IF($K66="","",IF(INDEX(BASELINE!$I$2:$I$3001,$K66)="","",INDEX(BASELINE!$I$2:$I$3001,$K66))) | C66: =IF($K66="","",IF(INDEX(BASELINE!$J$2:$J$3001,$K66)="","",INDEX(BASELINE!$J$2:$J$3001,$K66))) | D66: =IF($K66="","",IF(INDEX(BASELINE!$M$2:$M$3001,$K66)="","",INDEX(BASELINE!$M$2:$M$3001,$K66))) | E66: =IF($K66="","",IF(INDEX(BASELINE!$L$2:$L$3001,$K66)="","",INDEX(BASELINE!$L$2:$L$3001,$K66))) | F66: =IF($K66="","",IF(INDEX(BASELINE!$P$2:$P$3001,$K66)="","",INDEX(BASELINE!$P$2:$P$3001,$K66))) | G66: =IF($K66="","",IF(INDEX(BASELINE!$K$2:$K$3001,$K66)="","",INDEX(BASELINE!$K$2:$K$3001,$K66))) | H66: =IF($K66="","",IF(INDEX(BASELINE!$N$2:$N$3001,$K66)="","",INDEX(BASELINE!$N$2:$N$3001,$K66))) | I66: =IF($K66="","",IF(INDEX(BASELINE!$O$2:$O$3001,$K66)="","",INDEX(BASELINE!$O$2:$O$3001,$K66))) | J66: =IF($K66="","",IF(ISNUMBER(SEARCH("break",INDEX(BASELINE!$T$2:$T$3001,$K66)&"")),"SIM","")) | K66: =IF(58<=CALC!$D$1,MATCH(58,CALC!$B$2:$B$3001,0),"")
A67: =IF($K67="","",59) | B67: =IF($K67="","",IF(INDEX(BASELINE!$I$2:$I$3001,$K67)="","",INDEX(BASELINE!$I$2:$I$3001,$K67))) | C67: =IF($K67="","",IF(INDEX(BASELINE!$J$2:$J$3001,$K67)="","",INDEX(BASELINE!$J$2:$J$3001,$K67))) | D67: =IF($K67="","",IF(INDEX(BASELINE!$M$2:$M$3001,$K67)="","",INDEX(BASELINE!$M$2:$M$3001,$K67))) | E67: =IF($K67="","",IF(INDEX(BASELINE!$L$2:$L$3001,$K67)="","",INDEX(BASELINE!$L$2:$L$3001,$K67))) | F67: =IF($K67="","",IF(INDEX(BASELINE!$P$2:$P$3001,$K67)="","",INDEX(BASELINE!$P$2:$P$3001,$K67))) | G67: =IF($K67="","",IF(INDEX(BASELINE!$K$2:$K$3001,$K67)="","",INDEX(BASELINE!$K$2:$K$3001,$K67))) | H67: =IF($K67="","",IF(INDEX(BASELINE!$N$2:$N$3001,$K67)="","",INDEX(BASELINE!$N$2:$N$3001,$K67))) | I67: =IF($K67="","",IF(INDEX(BASELINE!$O$2:$O$3001,$K67)="","",INDEX(BASELINE!$O$2:$O$3001,$K67))) | J67: =IF($K67="","",IF(ISNUMBER(SEARCH("break",INDEX(BASELINE!$T$2:$T$3001,$K67)&"")),"SIM","")) | K67: =IF(59<=CALC!$D$1,MATCH(59,CALC!$B$2:$B$3001,0),"")
A68: =IF($K68="","",60) | B68: =IF($K68="","",IF(INDEX(BASELINE!$I$2:$I$3001,$K68)="","",INDEX(BASELINE!$I$2:$I$3001,$K68))) | C68: =IF($K68="","",IF(INDEX(BASELINE!$J$2:$J$3001,$K68)="","",INDEX(BASELINE!$J$2:$J$3001,$K68))) | D68: =IF($K68="","",IF(INDEX(BASELINE!$M$2:$M$3001,$K68)="","",INDEX(BASELINE!$M$2:$M$3001,$K68))) | E68: =IF($K68="","",IF(INDEX(BASELINE!$L$2:$L$3001,$K68)="","",INDEX(BASELINE!$L$2:$L$3001,$K68))) | F68: =IF($K68="","",IF(INDEX(BASELINE!$P$2:$P$3001,$K68)="","",INDEX(BASELINE!$P$2:$P$3001,$K68))) | G68: =IF($K68="","",IF(INDEX(BASELINE!$K$2:$K$3001,$K68)="","",INDEX(BASELINE!$K$2:$K$3001,$K68))) | H68: =IF($K68="","",IF(INDEX(BASELINE!$N$2:$N$3001,$K68)="","",INDEX(BASELINE!$N$2:$N$3001,$K68))) | I68: =IF($K68="","",IF(INDEX(BASELINE!$O$2:$O$3001,$K68)="","",INDEX(BASELINE!$O$2:$O$3001,$K68))) | J68: =IF($K68="","",IF(ISNUMBER(SEARCH("break",INDEX(BASELINE!$T$2:$T$3001,$K68)&"")),"SIM","")) | K68: =IF(60<=CALC!$D$1,MATCH(60,CALC!$B$2:$B$3001,0),"")
A69: =IF($K69="","",61) | B69: =IF($K69="","",IF(INDEX(BASELINE!$I$2:$I$3001,$K69)="","",INDEX(BASELINE!$I$2:$I$3001,$K69))) | C69: =IF($K69="","",IF(INDEX(BASELINE!$J$2:$J$3001,$K69)="","",INDEX(BASELINE!$J$2:$J$3001,$K69))) | D69: =IF($K69="","",IF(INDEX(BASELINE!$M$2:$M$3001,$K69)="","",INDEX(BASELINE!$M$2:$M$3001,$K69))) | E69: =IF($K69="","",IF(INDEX(BASELINE!$L$2:$L$3001,$K69)="","",INDEX(BASELINE!$L$2:$L$3001,$K69))) | F69: =IF($K69="","",IF(INDEX(BASELINE!$P$2:$P$3001,$K69)="","",INDEX(BASELINE!$P$2:$P$3001,$K69))) | G69: =IF($K69="","",IF(INDEX(BASELINE!$K$2:$K$3001,$K69)="","",INDEX(BASELINE!$K$2:$K$3001,$K69))) | H69: =IF($K69="","",IF(INDEX(BASELINE!$N$2:$N$3001,$K69)="","",INDEX(BASELINE!$N$2:$N$3001,$K69))) | I69: =IF($K69="","",IF(INDEX(BASELINE!$O$2:$O$3001,$K69)="","",INDEX(BASELINE!$O$2:$O$3001,$K69))) | J69: =IF($K69="","",IF(ISNUMBER(SEARCH("break",INDEX(BASELINE!$T$2:$T$3001,$K69)&"")),"SIM","")) | K69: =IF(61<=CALC!$D$1,MATCH(61,CALC!$B$2:$B$3001,0),"")
A70: =IF($K70="","",62) | B70: =IF($K70="","",IF(INDEX(BASELINE!$I$2:$I$3001,$K70)="","",INDEX(BASELINE!$I$2:$I$3001,$K70))) | C70: =IF($K70="","",IF(INDEX(BASELINE!$J$2:$J$3001,$K70)="","",INDEX(BASELINE!$J$2:$J$3001,$K70))) | D70: =IF($K70="","",IF(INDEX(BASELINE!$M$2:$M$3001,$K70)="","",INDEX(BASELINE!$M$2:$M$3001,$K70))) | E70: =IF($K70="","",IF(INDEX(BASELINE!$L$2:$L$3001,$K70)="","",INDEX(BASELINE!$L$2:$L$3001,$K70))) | F70: =IF($K70="","",IF(INDEX(BASELINE!$P$2:$P$3001,$K70)="","",INDEX(BASELINE!$P$2:$P$3001,$K70))) | G70: =IF($K70="","",IF(INDEX(BASELINE!$K$2:$K$3001,$K70)="","",INDEX(BASELINE!$K$2:$K$3001,$K70))) | H70: =IF($K70="","",IF(INDEX(BASELINE!$N$2:$N$3001,$K70)="","",INDEX(BASELINE!$N$2:$N$3001,$K70))) | I70: =IF($K70="","",IF(INDEX(BASELINE!$O$2:$O$3001,$K70)="","",INDEX(BASELINE!$O$2:$O$3001,$K70))) | J70: =IF($K70="","",IF(ISNUMBER(SEARCH("break",INDEX(BASELINE!$T$2:$T$3001,$K70)&"")),"SIM","")) | K70: =IF(62<=CALC!$D$1,MATCH(62,CALC!$B$2:$B$3001,0),"")
A71: =IF($K71="","",63) | B71: =IF($K71="","",IF(INDEX(BASELINE!$I$2:$I$3001,$K71)="","",INDEX(BASELINE!$I$2:$I$3001,$K71))) | C71: =IF($K71="","",IF(INDEX(BASELINE!$J$2:$J$3001,$K71)="","",INDEX(BASELINE!$J$2:$J$3001,$K71))) | D71: =IF($K71="","",IF(INDEX(BASELINE!$M$2:$M$3001,$K71)="","",INDEX(BASELINE!$M$2:$M$3001,$K71))) | E71: =IF($K71="","",IF(INDEX(BASELINE!$L$2:$L$3001,$K71)="","",INDEX(BASELINE!$L$2:$L$3001,$K71))) | F71: =IF($K71="","",IF(INDEX(BASELINE!$P$2:$P$3001,$K71)="","",INDEX(BASELINE!$P$2:$P$3001,$K71))) | G71: =IF($K71="","",IF(INDEX(BASELINE!$K$2:$K$3001,$K71)="","",INDEX(BASELINE!$K$2:$K$3001,$K71))) | H71: =IF($K71="","",IF(INDEX(BASELINE!$N$2:$N$3001,$K71)="","",INDEX(BASELINE!$N$2:$N$3001,$K71))) | I71: =IF($K71="","",IF(INDEX(BASELINE!$O$2:$O$3001,$K71)="","",INDEX(BASELINE!$O$2:$O$3001,$K71))) | J71: =IF($K71="","",IF(ISNUMBER(SEARCH("break",INDEX(BASELINE!$T$2:$T$3001,$K71)&"")),"SIM","")) | K71: =IF(63<=CALC!$D$1,MATCH(63,CALC!$B$2:$B$3001,0),"")
A72: =IF($K72="","",64) | B72: =IF($K72="","",IF(INDEX(BASELINE!$I$2:$I$3001,$K72)="","",INDEX(BASELINE!$I$2:$I$3001,$K72))) | C72: =IF($K72="","",IF(INDEX(BASELINE!$J$2:$J$3001,$K72)="","",INDEX(BASELINE!$J$2:$J$3001,$K72))) | D72: =IF($K72="","",IF(INDEX(BASELINE!$M$2:$M$3001,$K72)="","",INDEX(BASELINE!$M$2:$M$3001,$K72))) | E72: =IF($K72="","",IF(INDEX(BASELINE!$L$2:$L$3001,$K72)="","",INDEX(BASELINE!$L$2:$L$3001,$K72))) | F72: =IF($K72="","",IF(INDEX(BASELINE!$P$2:$P$3001,$K72)="","",INDEX(BASELINE!$P$2:$P$3001,$K72))) | G72: =IF($K72="","",IF(INDEX(BASELINE!$K$2:$K$3001,$K72)="","",INDEX(BASELINE!$K$2:$K$3001,$K72))) | H72: =IF($K72="","",IF(INDEX(BASELINE!$N$2:$N$3001,$K72)="","",INDEX(BASELINE!$N$2:$N$3001,$K72))) | I72: =IF($K72="","",IF(INDEX(BASELINE!$O$2:$O$3001,$K72)="","",INDEX(BASELINE!$O$2:$O$3001,$K72))) | J72: =IF($K72="","",IF(ISNUMBER(SEARCH("break",INDEX(BASELINE!$T$2:$T$3001,$K72)&"")),"SIM","")) | K72: =IF(64<=CALC!$D$1,MATCH(64,CALC!$B$2:$B$3001,0),"")
A73: =IF($K73="","",65) | B73: =IF($K73="","",IF(INDEX(BASELINE!$I$2:$I$3001,$K73)="","",INDEX(BASELINE!$I$2:$I$3001,$K73))) | C73: =IF($K73="","",IF(INDEX(BASELINE!$J$2:$J$3001,$K73)="","",INDEX(BASELINE!$J$2:$J$3001,$K73))) | D73: =IF($K73="","",IF(INDEX(BASELINE!$M$2:$M$3001,$K73)="","",INDEX(BASELINE!$M$2:$M$3001,$K73))) | E73: =IF($K73="","",IF(INDEX(BASELINE!$L$2:$L$3001,$K73)="","",INDEX(BASELINE!$L$2:$L$3001,$K73))) | F73: =IF($K73="","",IF(INDEX(BASELINE!$P$2:$P$3001,$K73)="","",INDEX(BASELINE!$P$2:$P$3001,$K73))) | G73: =IF($K73="","",IF(INDEX(BASELINE!$K$2:$K$3001,$K73)="","",INDEX(BASELINE!$K$2:$K$3001,$K73))) | H73: =IF($K73="","",IF(INDEX(BASELINE!$N$2:$N$3001,$K73)="","",INDEX(BASELINE!$N$2:$N$3001,$K73))) | I73: =IF($K73="","",IF(INDEX(BASELINE!$O$2:$O$3001,$K73)="","",INDEX(BASELINE!$O$2:$O$3001,$K73))) | J73: =IF($K73="","",IF(ISNUMBER(SEARCH("break",INDEX(BASELINE!$T$2:$T$3001,$K73)&"")),"SIM","")) | K73: =IF(65<=CALC!$D$1,MATCH(65,CALC!$B$2:$B$3001,0),"")
A74: =IF($K74="","",66) | B74: =IF($K74="","",IF(INDEX(BASELINE!$I$2:$I$3001,$K74)="","",INDEX(BASELINE!$I$2:$I$3001,$K74))) | C74: =IF($K74="","",IF(INDEX(BASELINE!$J$2:$J$3001,$K74)="","",INDEX(BASELINE!$J$2:$J$3001,$K74))) | D74: =IF($K74="","",IF(INDEX(BASELINE!$M$2:$M$3001,$K74)="","",INDEX(BASELINE!$M$2:$M$3001,$K74))) | E74: =IF($K74="","",IF(INDEX(BASELINE!$L$2:$L$3001,$K74)="","",INDEX(BASELINE!$L$2:$L$3001,$K74))) | F74: =IF($K74="","",IF(INDEX(BASELINE!$P$2:$P$3001,$K74)="","",INDEX(BASELINE!$P$2:$P$3001,$K74))) | G74: =IF($K74="","",IF(INDEX(BASELINE!$K$2:$K$3001,$K74)="","",INDEX(BASELINE!$K$2:$K$3001,$K74))) | H74: =IF($K74="","",IF(INDEX(BASELINE!$N$2:$N$3001,$K74)="","",INDEX(BASELINE!$N$2:$N$3001,$K74))) | I74: =IF($K74="","",IF(INDEX(BASELINE!$O$2:$O$3001,$K74)="","",INDEX(BASELINE!$O$2:$O$3001,$K74))) | J74: =IF($K74="","",IF(ISNUMBER(SEARCH("break",INDEX(BASELINE!$T$2:$T$3001,$K74)&"")),"SIM","")) | K74: =IF(66<=CALC!$D$1,MATCH(66,CALC!$B$2:$B$3001,0),"")
A75: =IF($K75="","",67) | B75: =IF($K75="","",IF(INDEX(BASELINE!$I$2:$I$3001,$K75)="","",INDEX(BASELINE!$I$2:$I$3001,$K75))) | C75: =IF($K75="","",IF(INDEX(BASELINE!$J$2:$J$3001,$K75)="","",INDEX(BASELINE!$J$2:$J$3001,$K75))) | D75: =IF($K75="","",IF(INDEX(BASELINE!$M$2:$M$3001,$K75)="","",INDEX(BASELINE!$M$2:$M$3001,$K75))) | E75: =IF($K75="","",IF(INDEX(BASELINE!$L$2:$L$3001,$K75)="","",INDEX(BASELINE!$L$2:$L$3001,$K75))) | F75: =IF($K75="","",IF(INDEX(BASELINE!$P$2:$P$3001,$K75)="","",INDEX(BASELINE!$P$2:$P$3001,$K75))) | G75: =IF($K75="","",IF(INDEX(BASELINE!$K$2:$K$3001,$K75)="","",INDEX(BASELINE!$K$2:$K$3001,$K75))) | H75: =IF($K75="","",IF(INDEX(BASELINE!$N$2:$N$3001,$K75)="","",INDEX(BASELINE!$N$2:$N$3001,$K75))) | I75: =IF($K75="","",IF(INDEX(BASELINE!$O$2:$O$3001,$K75)="","",INDEX(BASELINE!$O$2:$O$3001,$K75))) | J75: =IF($K75="","",IF(ISNUMBER(SEARCH("break",INDEX(BASELINE!$T$2:$T$3001,$K75)&"")),"SIM","")) | K75: =IF(67<=CALC!$D$1,MATCH(67,CALC!$B$2:$B$3001,0),"")
A76: =IF($K76="","",68) | B76: =IF($K76="","",IF(INDEX(BASELINE!$I$2:$I$3001,$K76)="","",INDEX(BASELINE!$I$2:$I$3001,$K76))) | C76: =IF($K76="","",IF(INDEX(BASELINE!$J$2:$J$3001,$K76)="","",INDEX(BASELINE!$J$2:$J$3001,$K76))) | D76: =IF($K76="","",IF(INDEX(BASELINE!$M$2:$M$3001,$K76)="","",INDEX(BASELINE!$M$2:$M$3001,$K76))) | E76: =IF($K76="","",IF(INDEX(BASELINE!$L$2:$L$3001,$K76)="","",INDEX(BASELINE!$L$2:$L$3001,$K76))) | F76: =IF($K76="","",IF(INDEX(BASELINE!$P$2:$P$3001,$K76)="","",INDEX(BASELINE!$P$2:$P$3001,$K76))) | G76: =IF($K76="","",IF(INDEX(BASELINE!$K$2:$K$3001,$K76)="","",INDEX(BASELINE!$K$2:$K$3001,$K76))) | H76: =IF($K76="","",IF(INDEX(BASELINE!$N$2:$N$3001,$K76)="","",INDEX(BASELINE!$N$2:$N$3001,$K76))) | I76: =IF($K76="","",IF(INDEX(BASELINE!$O$2:$O$3001,$K76)="","",INDEX(BASELINE!$O$2:$O$3001,$K76))) | J76: =IF($K76="","",IF(ISNUMBER(SEARCH("break",INDEX(BASELINE!$T$2:$T$3001,$K76)&"")),"SIM","")) | K76: =IF(68<=CALC!$D$1,MATCH(68,CALC!$B$2:$B$3001,0),"")
A77: =IF($K77="","",69) | B77: =IF($K77="","",IF(INDEX(BASELINE!$I$2:$I$3001,$K77)="","",INDEX(BASELINE!$I$2:$I$3001,$K77))) | C77: =IF($K77="","",IF(INDEX(BASELINE!$J$2:$J$3001,$K77)="","",INDEX(BASELINE!$J$2:$J$3001,$K77))) | D77: =IF($K77="","",IF(INDEX(BASELINE!$M$2:$M$3001,$K77)="","",INDEX(BASELINE!$M$2:$M$3001,$K77))) | E77: =IF($K77="","",IF(INDEX(BASELINE!$L$2:$L$3001,$K77)="","",INDEX(BASELINE!$L$2:$L$3001,$K77))) | F77: =IF($K77="","",IF(INDEX(BASELINE!$P$2:$P$3001,$K77)="","",INDEX(BASELINE!$P$2:$P$3001,$K77))) | G77: =IF($K77="","",IF(INDEX(BASELINE!$K$2:$K$3001,$K77)="","",INDEX(BASELINE!$K$2:$K$3001,$K77))) | H77: =IF($K77="","",IF(INDEX(BASELINE!$N$2:$N$3001,$K77)="","",INDEX(BASELINE!$N$2:$N$3001,$K77))) | I77: =IF($K77="","",IF(INDEX(BASELINE!$O$2:$O$3001,$K77)="","",INDEX(BASELINE!$O$2:$O$3001,$K77))) | J77: =IF($K77="","",IF(ISNUMBER(SEARCH("break",INDEX(BASELINE!$T$2:$T$3001,$K77)&"")),"SIM","")) | K77: =IF(69<=CALC!$D$1,MATCH(69,CALC!$B$2:$B$3001,0),"")
A78: =IF($K78="","",70) | B78: =IF($K78="","",IF(INDEX(BASELINE!$I$2:$I$3001,$K78)="","",INDEX(BASELINE!$I$2:$I$3001,$K78))) | C78: =IF($K78="","",IF(INDEX(BASELINE!$J$2:$J$3001,$K78)="","",INDEX(BASELINE!$J$2:$J$3001,$K78))) | D78: =IF($K78="","",IF(INDEX(BASELINE!$M$2:$M$3001,$K78)="","",INDEX(BASELINE!$M$2:$M$3001,$K78))) | E78: =IF($K78="","",IF(INDEX(BASELINE!$L$2:$L$3001,$K78)="","",INDEX(BASELINE!$L$2:$L$3001,$K78))) | F78: =IF($K78="","",IF(INDEX(BASELINE!$P$2:$P$3001,$K78)="","",INDEX(BASELINE!$P$2:$P$3001,$K78))) | G78: =IF($K78="","",IF(INDEX(BASELINE!$K$2:$K$3001,$K78)="","",INDEX(BASELINE!$K$2:$K$3001,$K78))) | H78: =IF($K78="","",IF(INDEX(BASELINE!$N$2:$N$3001,$K78)="","",INDEX(BASELINE!$N$2:$N$3001,$K78))) | I78: =IF($K78="","",IF(INDEX(BASELINE!$O$2:$O$3001,$K78)="","",INDEX(BASELINE!$O$2:$O$3001,$K78))) | J78: =IF($K78="","",IF(ISNUMBER(SEARCH("break",INDEX(BASELINE!$T$2:$T$3001,$K78)&"")),"SIM","")) | K78: =IF(70<=CALC!$D$1,MATCH(70,CALC!$B$2:$B$3001,0),"")
A79: =IF($K79="","",71) | B79: =IF($K79="","",IF(INDEX(BASELINE!$I$2:$I$3001,$K79)="","",INDEX(BASELINE!$I$2:$I$3001,$K79))) | C79: =IF($K79="","",IF(INDEX(BASELINE!$J$2:$J$3001,$K79)="","",INDEX(BASELINE!$J$2:$J$3001,$K79))) | D79: =IF($K79="","",IF(INDEX(BASELINE!$M$2:$M$3001,$K79)="","",INDEX(BASELINE!$M$2:$M$3001,$K79))) | E79: =IF($K79="","",IF(INDEX(BASELINE!$L$2:$L$3001,$K79)="","",INDEX(BASELINE!$L$2:$L$3001,$K79))) | F79: =IF($K79="","",IF(INDEX(BASELINE!$P$2:$P$3001,$K79)="","",INDEX(BASELINE!$P$2:$P$3001,$K79))) | G79: =IF($K79="","",IF(INDEX(BASELINE!$K$2:$K$3001,$K79)="","",INDEX(BASELINE!$K$2:$K$3001,$K79))) | H79: =IF($K79="","",IF(INDEX(BASELINE!$N$2:$N$3001,$K79)="","",INDEX(BASELINE!$N$2:$N$3001,$K79))) | I79: =IF($K79="","",IF(INDEX(BASELINE!$O$2:$O$3001,$K79)="","",INDEX(BASELINE!$O$2:$O$3001,$K79))) | J79: =IF($K79="","",IF(ISNUMBER(SEARCH("break",INDEX(BASELINE!$T$2:$T$3001,$K79)&"")),"SIM","")) | K79: =IF(71<=CALC!$D$1,MATCH(71,CALC!$B$2:$B$3001,0),"")
A80: =IF($K80="","",72) | B80: =IF($K80="","",IF(INDEX(BASELINE!$I$2:$I$3001,$K80)="","",INDEX(BASELINE!$I$2:$I$3001,$K80))) | C80: =IF($K80="","",IF(INDEX(BASELINE!$J$2:$J$3001,$K80)="","",INDEX(BASELINE!$J$2:$J$3001,$K80))) | D80: =IF($K80="","",IF(INDEX(BASELINE!$M$2:$M$3001,$K80)="","",INDEX(BASELINE!$M$2:$M$3001,$K80))) | E80: =IF($K80="","",IF(INDEX(BASELINE!$L$2:$L$3001,$K80)="","",INDEX(BASELINE!$L$2:$L$3001,$K80))) | F80: =IF($K80="","",IF(INDEX(BASELINE!$P$2:$P$3001,$K80)="","",INDEX(BASELINE!$P$2:$P$3001,$K80))) | G80: =IF($K80="","",IF(INDEX(BASELINE!$K$2:$K$3001,$K80)="","",INDEX(BASELINE!$K$2:$K$3001,$K80))) | H80: =IF($K80="","",IF(INDEX(BASELINE!$N$2:$N$3001,$K80)="","",INDEX(BASELINE!$N$2:$N$3001,$K80))) | I80: =IF($K80="","",IF(INDEX(BASELINE!$O$2:$O$3001,$K80)="","",INDEX(BASELINE!$O$2:$O$3001,$K80))) | J80: =IF($K80="","",IF(ISNUMBER(SEARCH("break",INDEX(BASELINE!$T$2:$T$3001,$K80)&"")),"SIM","")) | K80: =IF(72<=CALC!$D$1,MATCH(72,CALC!$B$2:$B$3001,0),"")
A81: =IF($K81="","",73) | B81: =IF($K81="","",IF(INDEX(BASELINE!$I$2:$I$3001,$K81)="","",INDEX(BASELINE!$I$2:$I$3001,$K81))) | C81: =IF($K81="","",IF(INDEX(BASELINE!$J$2:$J$3001,$K81)="","",INDEX(BASELINE!$J$2:$J$3001,$K81))) | D81: =IF($K81="","",IF(INDEX(BASELINE!$M$2:$M$3001,$K81)="","",INDEX(BASELINE!$M$2:$M$3001,$K81))) | E81: =IF($K81="","",IF(INDEX(BASELINE!$L$2:$L$3001,$K81)="","",INDEX(BASELINE!$L$2:$L$3001,$K81))) | F81: =IF($K81="","",IF(INDEX(BASELINE!$P$2:$P$3001,$K81)="","",INDEX(BASELINE!$P$2:$P$3001,$K81))) | G81: =IF($K81="","",IF(INDEX(BASELINE!$K$2:$K$3001,$K81)="","",INDEX(BASELINE!$K$2:$K$3001,$K81))) | H81: =IF($K81="","",IF(INDEX(BASELINE!$N$2:$N$3001,$K81)="","",INDEX(BASELINE!$N$2:$N$3001,$K81))) | I81: =IF($K81="","",IF(INDEX(BASELINE!$O$2:$O$3001,$K81)="","",INDEX(BASELINE!$O$2:$O$3001,$K81))) | J81: =IF($K81="","",IF(ISNUMBER(SEARCH("break",INDEX(BASELINE!$T$2:$T$3001,$K81)&"")),"SIM","")) | K81: =IF(73<=CALC!$D$1,MATCH(73,CALC!$B$2:$B$3001,0),"")
A82: =IF($K82="","",74) | B82: =IF($K82="","",IF(INDEX(BASELINE!$I$2:$I$3001,$K82)="","",INDEX(BASELINE!$I$2:$I$3001,$K82))) | C82: =IF($K82="","",IF(INDEX(BASELINE!$J$2:$J$3001,$K82)="","",INDEX(BASELINE!$J$2:$J$3001,$K82))) | D82: =IF($K82="","",IF(INDEX(BASELINE!$M$2:$M$3001,$K82)="","",INDEX(BASELINE!$M$2:$M$3001,$K82))) | E82: =IF($K82="","",IF(INDEX(BASELINE!$L$2:$L$3001,$K82)="","",INDEX(BASELINE!$L$2:$L$3001,$K82))) | F82: =IF($K82="","",IF(INDEX(BASELINE!$P$2:$P$3001,$K82)="","",INDEX(BASELINE!$P$2:$P$3001,$K82))) | G82: =IF($K82="","",IF(INDEX(BASELINE!$K$2:$K$3001,$K82)="","",INDEX(BASELINE!$K$2:$K$3001,$K82))) | H82: =IF($K82="","",IF(INDEX(BASELINE!$N$2:$N$3001,$K82)="","",INDEX(BASELINE!$N$2:$N$3001,$K82))) | I82: =IF($K82="","",IF(INDEX(BASELINE!$O$2:$O$3001,$K82)="","",INDEX(BASELINE!$O$2:$O$3001,$K82))) | J82: =IF($K82="","",IF(ISNUMBER(SEARCH("break",INDEX(BASELINE!$T$2:$T$3001,$K82)&"")),"SIM","")) | K82: =IF(74<=CALC!$D$1,MATCH(74,CALC!$B$2:$B$3001,0),"")
A83: =IF($K83="","",75) | B83: =IF($K83="","",IF(INDEX(BASELINE!$I$2:$I$3001,$K83)="","",INDEX(BASELINE!$I$2:$I$3001,$K83))) | C83: =IF($K83="","",IF(INDEX(BASELINE!$J$2:$J$3001,$K83)="","",INDEX(BASELINE!$J$2:$J$3001,$K83))) | D83: =IF($K83="","",IF(INDEX(BASELINE!$M$2:$M$3001,$K83)="","",INDEX(BASELINE!$M$2:$M$3001,$K83))) | E83: =IF($K83="","",IF(INDEX(BASELINE!$L$2:$L$3001,$K83)="","",INDEX(BASELINE!$L$2:$L$3001,$K83))) | F83: =IF($K83="","",IF(INDEX(BASELINE!$P$2:$P$3001,$K83)="","",INDEX(BASELINE!$P$2:$P$3001,$K83))) | G83: =IF($K83="","",IF(INDEX(BASELINE!$K$2:$K$3001,$K83)="","",INDEX(BASELINE!$K$2:$K$3001,$K83))) | H83: =IF($K83="","",IF(INDEX(BASELINE!$N$2:$N$3001,$K83)="","",INDEX(BASELINE!$N$2:$N$3001,$K83))) | I83: =IF($K83="","",IF(INDEX(BASELINE!$O$2:$O$3001,$K83)="","",INDEX(BASELINE!$O$2:$O$3001,$K83))) | J83: =IF($K83="","",IF(ISNUMBER(SEARCH("break",INDEX(BASELINE!$T$2:$T$3001,$K83)&"")),"SIM","")) | K83: =IF(75<=CALC!$D$1,MATCH(75,CALC!$B$2:$B$3001,0),"")
A84: =IF($K84="","",76) | B84: =IF($K84="","",IF(INDEX(BASELINE!$I$2:$I$3001,$K84)="","",INDEX(BASELINE!$I$2:$I$3001,$K84))) | C84: =IF($K84="","",IF(INDEX(BASELINE!$J$2:$J$3001,$K84)="","",INDEX(BASELINE!$J$2:$J$3001,$K84))) | D84: =IF($K84="","",IF(INDEX(BASELINE!$M$2:$M$3001,$K84)="","",INDEX(BASELINE!$M$2:$M$3001,$K84))) | E84: =IF($K84="","",IF(INDEX(BASELINE!$L$2:$L$3001,$K84)="","",INDEX(BASELINE!$L$2:$L$3001,$K84))) | F84: =IF($K84="","",IF(INDEX(BASELINE!$P$2:$P$3001,$K84)="","",INDEX(BASELINE!$P$2:$P$3001,$K84))) | G84: =IF($K84="","",IF(INDEX(BASELINE!$K$2:$K$3001,$K84)="","",INDEX(BASELINE!$K$2:$K$3001,$K84))) | H84: =IF($K84="","",IF(INDEX(BASELINE!$N$2:$N$3001,$K84)="","",INDEX(BASELINE!$N$2:$N$3001,$K84))) | I84: =IF($K84="","",IF(INDEX(BASELINE!$O$2:$O$3001,$K84)="","",INDEX(BASELINE!$O$2:$O$3001,$K84))) | J84: =IF($K84="","",IF(ISNUMBER(SEARCH("break",INDEX(BASELINE!$T$2:$T$3001,$K84)&"")),"SIM","")) | K84: =IF(76<=CALC!$D$1,MATCH(76,CALC!$B$2:$B$3001,0),"")
A85: =IF($K85="","",77) | B85: =IF($K85="","",IF(INDEX(BASELINE!$I$2:$I$3001,$K85)="","",INDEX(BASELINE!$I$2:$I$3001,$K85))) | C85: =IF($K85="","",IF(INDEX(BASELINE!$J$2:$J$3001,$K85)="","",INDEX(BASELINE!$J$2:$J$3001,$K85))) | D85: =IF($K85="","",IF(INDEX(BASELINE!$M$2:$M$3001,$K85)="","",INDEX(BASELINE!$M$2:$M$3001,$K85))) | E85: =IF($K85="","",IF(INDEX(BASELINE!$L$2:$L$3001,$K85)="","",INDEX(BASELINE!$L$2:$L$3001,$K85))) | F85: =IF($K85="","",IF(INDEX(BASELINE!$P$2:$P$3001,$K85)="","",INDEX(BASELINE!$P$2:$P$3001,$K85))) | G85: =IF($K85="","",IF(INDEX(BASELINE!$K$2:$K$3001,$K85)="","",INDEX(BASELINE!$K$2:$K$3001,$K85))) | H85: =IF($K85="","",IF(INDEX(BASELINE!$N$2:$N$3001,$K85)="","",INDEX(BASELINE!$N$2:$N$3001,$K85))) | I85: =IF($K85="","",IF(INDEX(BASELINE!$O$2:$O$3001,$K85)="","",INDEX(BASELINE!$O$2:$O$3001,$K85))) | J85: =IF($K85="","",IF(ISNUMBER(SEARCH("break",INDEX(BASELINE!$T$2:$T$3001,$K85)&"")),"SIM","")) | K85: =IF(77<=CALC!$D$1,MATCH(77,CALC!$B$2:$B$3001,0),"")
A86: =IF($K86="","",78) | B86: =IF($K86="","",IF(INDEX(BASELINE!$I$2:$I$3001,$K86)="","",INDEX(BASELINE!$I$2:$I$3001,$K86))) | C86: =IF($K86="","",IF(INDEX(BASELINE!$J$2:$J$3001,$K86)="","",INDEX(BASELINE!$J$2:$J$3001,$K86))) | D86: =IF($K86="","",IF(INDEX(BASELINE!$M$2:$M$3001,$K86)="","",INDEX(BASELINE!$M$2:$M$3001,$K86))) | E86: =IF($K86="","",IF(INDEX(BASELINE!$L$2:$L$3001,$K86)="","",INDEX(BASELINE!$L$2:$L$3001,$K86))) | F86: =IF($K86="","",IF(INDEX(BASELINE!$P$2:$P$3001,$K86)="","",INDEX(BASELINE!$P$2:$P$3001,$K86))) | G86: =IF($K86="","",IF(INDEX(BASELINE!$K$2:$K$3001,$K86)="","",INDEX(BASELINE!$K$2:$K$3001,$K86))) | H86: =IF($K86="","",IF(INDEX(BASELINE!$N$2:$N$3001,$K86)="","",INDEX(BASELINE!$N$2:$N$3001,$K86))) | I86: =IF($K86="","",IF(INDEX(BASELINE!$O$2:$O$3001,$K86)="","",INDEX(BASELINE!$O$2:$O$3001,$K86))) | J86: =IF($K86="","",IF(ISNUMBER(SEARCH("break",INDEX(BASELINE!$T$2:$T$3001,$K86)&"")),"SIM","")) | K86: =IF(78<=CALC!$D$1,MATCH(78,CALC!$B$2:$B$3001,0),"")
A87: =IF($K87="","",79) | B87: =IF($K87="","",IF(INDEX(BASELINE!$I$2:$I$3001,$K87)="","",INDEX(BASELINE!$I$2:$I$3001,$K87))) | C87: =IF($K87="","",IF(INDEX(BASELINE!$J$2:$J$3001,$K87)="","",INDEX(BASELINE!$J$2:$J$3001,$K87))) | D87: =IF($K87="","",IF(INDEX(BASELINE!$M$2:$M$3001,$K87)="","",INDEX(BASELINE!$M$2:$M$3001,$K87))) | E87: =IF($K87="","",IF(INDEX(BASELINE!$L$2:$L$3001,$K87)="","",INDEX(BASELINE!$L$2:$L$3001,$K87))) | F87: =IF($K87="","",IF(INDEX(BASELINE!$P$2:$P$3001,$K87)="","",INDEX(BASELINE!$P$2:$P$3001,$K87))) | G87: =IF($K87="","",IF(INDEX(BASELINE!$K$2:$K$3001,$K87)="","",INDEX(BASELINE!$K$2:$K$3001,$K87))) | H87: =IF($K87="","",IF(INDEX(BASELINE!$N$2:$N$3001,$K87)="","",INDEX(BASELINE!$N$2:$N$3001,$K87))) | I87: =IF($K87="","",IF(INDEX(BASELINE!$O$2:$O$3001,$K87)="","",INDEX(BASELINE!$O$2:$O$3001,$K87))) | J87: =IF($K87="","",IF(ISNUMBER(SEARCH("break",INDEX(BASELINE!$T$2:$T$3001,$K87)&"")),"SIM","")) | K87: =IF(79<=CALC!$D$1,MATCH(79,CALC!$B$2:$B$3001,0),"")
A88: =IF($K88="","",80) | B88: =IF($K88="","",IF(INDEX(BASELINE!$I$2:$I$3001,$K88)="","",INDEX(BASELINE!$I$2:$I$3001,$K88))) | C88: =IF($K88="","",IF(INDEX(BASELINE!$J$2:$J$3001,$K88)="","",INDEX(BASELINE!$J$2:$J$3001,$K88))) | D88: =IF($K88="","",IF(INDEX(BASELINE!$M$2:$M$3001,$K88)="","",INDEX(BASELINE!$M$2:$M$3001,$K88))) | E88: =IF($K88="","",IF(INDEX(BASELINE!$L$2:$L$3001,$K88)="","",INDEX(BASELINE!$L$2:$L$3001,$K88))) | F88: =IF($K88="","",IF(INDEX(BASELINE!$P$2:$P$3001,$K88)="","",INDEX(BASELINE!$P$2:$P$3001,$K88))) | G88: =IF($K88="","",IF(INDEX(BASELINE!$K$2:$K$3001,$K88)="","",INDEX(BASELINE!$K$2:$K$3001,$K88))) | H88: =IF($K88="","",IF(INDEX(BASELINE!$N$2:$N$3001,$K88)="","",INDEX(BASELINE!$N$2:$N$3001,$K88))) | I88: =IF($K88="","",IF(INDEX(BASELINE!$O$2:$O$3001,$K88)="","",INDEX(BASELINE!$O$2:$O$3001,$K88))) | J88: =IF($K88="","",IF(ISNUMBER(SEARCH("break",INDEX(BASELINE!$T$2:$T$3001,$K88)&"")),"SIM","")) | K88: =IF(80<=CALC!$D$1,MATCH(80,CALC!$B$2:$B$3001,0),"")
A89: =IF($K89="","",81) | B89: =IF($K89="","",IF(INDEX(BASELINE!$I$2:$I$3001,$K89)="","",INDEX(BASELINE!$I$2:$I$3001,$K89))) | C89: =IF($K89="","",IF(INDEX(BASELINE!$J$2:$J$3001,$K89)="","",INDEX(BASELINE!$J$2:$J$3001,$K89))) | D89: =IF($K89="","",IF(INDEX(BASELINE!$M$2:$M$3001,$K89)="","",INDEX(BASELINE!$M$2:$M$3001,$K89))) | E89: =IF($K89="","",IF(INDEX(BASELINE!$L$2:$L$3001,$K89)="","",INDEX(BASELINE!$L$2:$L$3001,$K89))) | F89: =IF($K89="","",IF(INDEX(BASELINE!$P$2:$P$3001,$K89)="","",INDEX(BASELINE!$P$2:$P$3001,$K89))) | G89: =IF($K89="","",IF(INDEX(BASELINE!$K$2:$K$3001,$K89)="","",INDEX(BASELINE!$K$2:$K$3001,$K89))) | H89: =IF($K89="","",IF(INDEX(BASELINE!$N$2:$N$3001,$K89)="","",INDEX(BASELINE!$N$2:$N$3001,$K89))) | I89: =IF($K89="","",IF(INDEX(BASELINE!$O$2:$O$3001,$K89)="","",INDEX(BASELINE!$O$2:$O$3001,$K89))) | J89: =IF($K89="","",IF(ISNUMBER(SEARCH("break",INDEX(BASELINE!$T$2:$T$3001,$K89)&"")),"SIM","")) | K89: =IF(81<=CALC!$D$1,MATCH(81,CALC!$B$2:$B$3001,0),"")
A90: =IF($K90="","",82) | B90: =IF($K90="","",IF(INDEX(BASELINE!$I$2:$I$3001,$K90)="","",INDEX(BASELINE!$I$2:$I$3001,$K90))) | C90: =IF($K90="","",IF(INDEX(BASELINE!$J$2:$J$3001,$K90)="","",INDEX(BASELINE!$J$2:$J$3001,$K90))) | D90: =IF($K90="","",IF(INDEX(BASELINE!$M$2:$M$3001,$K90)="","",INDEX(BASELINE!$M$2:$M$3001,$K90))) | E90: =IF($K90="","",IF(INDEX(BASELINE!$L$2:$L$3001,$K90)="","",INDEX(BASELINE!$L$2:$L$3001,$K90))) | F90: =IF($K90="","",IF(INDEX(BASELINE!$P$2:$P$3001,$K90)="","",INDEX(BASELINE!$P$2:$P$3001,$K90))) | G90: =IF($K90="","",IF(INDEX(BASELINE!$K$2:$K$3001,$K90)="","",INDEX(BASELINE!$K$2:$K$3001,$K90))) | H90: =IF($K90="","",IF(INDEX(BASELINE!$N$2:$N$3001,$K90)="","",INDEX(BASELINE!$N$2:$N$3001,$K90))) | I90: =IF($K90="","",IF(INDEX(BASELINE!$O$2:$O$3001,$K90)="","",INDEX(BASELINE!$O$2:$O$3001,$K90))) | J90: =IF($K90="","",IF(ISNUMBER(SEARCH("break",INDEX(BASELINE!$T$2:$T$3001,$K90)&"")),"SIM","")) | K90: =IF(82<=CALC!$D$1,MATCH(82,CALC!$B$2:$B$3001,0),"")
A91: =IF($K91="","",83) | B91: =IF($K91="","",IF(INDEX(BASELINE!$I$2:$I$3001,$K91)="","",INDEX(BASELINE!$I$2:$I$3001,$K91))) | C91: =IF($K91="","",IF(INDEX(BASELINE!$J$2:$J$3001,$K91)="","",INDEX(BASELINE!$J$2:$J$3001,$K91))) | D91: =IF($K91="","",IF(INDEX(BASELINE!$M$2:$M$3001,$K91)="","",INDEX(BASELINE!$M$2:$M$3001,$K91))) | E91: =IF($K91="","",IF(INDEX(BASELINE!$L$2:$L$3001,$K91)="","",INDEX(BASELINE!$L$2:$L$3001,$K91))) | F91: =IF($K91="","",IF(INDEX(BASELINE!$P$2:$P$3001,$K91)="","",INDEX(BASELINE!$P$2:$P$3001,$K91))) | G91: =IF($K91="","",IF(INDEX(BASELINE!$K$2:$K$3001,$K91)="","",INDEX(BASELINE!$K$2:$K$3001,$K91))) | H91: =IF($K91="","",IF(INDEX(BASELINE!$N$2:$N$3001,$K91)="","",INDEX(BASELINE!$N$2:$N$3001,$K91))) | I91: =IF($K91="","",IF(INDEX(BASELINE!$O$2:$O$3001,$K91)="","",INDEX(BASELINE!$O$2:$O$3001,$K91))) | J91: =IF($K91="","",IF(ISNUMBER(SEARCH("break",INDEX(BASELINE!$T$2:$T$3001,$K91)&"")),"SIM","")) | K91: =IF(83<=CALC!$D$1,MATCH(83,CALC!$B$2:$B$3001,0),"")
A92: =IF($K92="","",84) | B92: =IF($K92="","",IF(INDEX(BASELINE!$I$2:$I$3001,$K92)="","",INDEX(BASELINE!$I$2:$I$3001,$K92))) | C92: =IF($K92="","",IF(INDEX(BASELINE!$J$2:$J$3001,$K92)="","",INDEX(BASELINE!$J$2:$J$3001,$K92))) | D92: =IF($K92="","",IF(INDEX(BASELINE!$M$2:$M$3001,$K92)="","",INDEX(BASELINE!$M$2:$M$3001,$K92))) | E92: =IF($K92="","",IF(INDEX(BASELINE!$L$2:$L$3001,$K92)="","",INDEX(BASELINE!$L$2:$L$3001,$K92))) | F92: =IF($K92="","",IF(INDEX(BASELINE!$P$2:$P$3001,$K92)="","",INDEX(BASELINE!$P$2:$P$3001,$K92))) | G92: =IF($K92="","",IF(INDEX(BASELINE!$K$2:$K$3001,$K92)="","",INDEX(BASELINE!$K$2:$K$3001,$K92))) | H92: =IF($K92="","",IF(INDEX(BASELINE!$N$2:$N$3001,$K92)="","",INDEX(BASELINE!$N$2:$N$3001,$K92))) | I92: =IF($K92="","",IF(INDEX(BASELINE!$O$2:$O$3001,$K92)="","",INDEX(BASELINE!$O$2:$O$3001,$K92))) | J92: =IF($K92="","",IF(ISNUMBER(SEARCH("break",INDEX(BASELINE!$T$2:$T$3001,$K92)&"")),"SIM","")) | K92: =IF(84<=CALC!$D$1,MATCH(84,CALC!$B$2:$B$3001,0),"")
A93: =IF($K93="","",85) | B93: =IF($K93="","",IF(INDEX(BASELINE!$I$2:$I$3001,$K93)="","",INDEX(BASELINE!$I$2:$I$3001,$K93))) | C93: =IF($K93="","",IF(INDEX(BASELINE!$J$2:$J$3001,$K93)="","",INDEX(BASELINE!$J$2:$J$3001,$K93))) | D93: =IF($K93="","",IF(INDEX(BASELINE!$M$2:$M$3001,$K93)="","",INDEX(BASELINE!$M$2:$M$3001,$K93))) | E93: =IF($K93="","",IF(INDEX(BASELINE!$L$2:$L$3001,$K93)="","",INDEX(BASELINE!$L$2:$L$3001,$K93))) | F93: =IF($K93="","",IF(INDEX(BASELINE!$P$2:$P$3001,$K93)="","",INDEX(BASELINE!$P$2:$P$3001,$K93))) | G93: =IF($K93="","",IF(INDEX(BASELINE!$K$2:$K$3001,$K93)="","",INDEX(BASELINE!$K$2:$K$3001,$K93))) | H93: =IF($K93="","",IF(INDEX(BASELINE!$N$2:$N$3001,$K93)="","",INDEX(BASELINE!$N$2:$N$3001,$K93))) | I93: =IF($K93="","",IF(INDEX(BASELINE!$O$2:$O$3001,$K93)="","",INDEX(BASELINE!$O$2:$O$3001,$K93))) | J93: =IF($K93="","",IF(ISNUMBER(SEARCH("break",INDEX(BASELINE!$T$2:$T$3001,$K93)&"")),"SIM","")) | K93: =IF(85<=CALC!$D$1,MATCH(85,CALC!$B$2:$B$3001,0),"")
A94: =IF($K94="","",86) | B94: =IF($K94="","",IF(INDEX(BASELINE!$I$2:$I$3001,$K94)="","",INDEX(BASELINE!$I$2:$I$3001,$K94))) | C94: =IF($K94="","",IF(INDEX(BASELINE!$J$2:$J$3001,$K94)="","",INDEX(BASELINE!$J$2:$J$3001,$K94))) | D94: =IF($K94="","",IF(INDEX(BASELINE!$M$2:$M$3001,$K94)="","",INDEX(BASELINE!$M$2:$M$3001,$K94))) | E94: =IF($K94="","",IF(INDEX(BASELINE!$L$2:$L$3001,$K94)="","",INDEX(BASELINE!$L$2:$L$3001,$K94))) | F94: =IF($K94="","",IF(INDEX(BASELINE!$P$2:$P$3001,$K94)="","",INDEX(BASELINE!$P$2:$P$3001,$K94))) | G94: =IF($K94="","",IF(INDEX(BASELINE!$K$2:$K$3001,$K94)="","",INDEX(BASELINE!$K$2:$K$3001,$K94))) | H94: =IF($K94="","",IF(INDEX(BASELINE!$N$2:$N$3001,$K94)="","",INDEX(BASELINE!$N$2:$N$3001,$K94))) | I94: =IF($K94="","",IF(INDEX(BASELINE!$O$2:$O$3001,$K94)="","",INDEX(BASELINE!$O$2:$O$3001,$K94))) | J94: =IF($K94="","",IF(ISNUMBER(SEARCH("break",INDEX(BASELINE!$T$2:$T$3001,$K94)&"")),"SIM","")) | K94: =IF(86<=CALC!$D$1,MATCH(86,CALC!$B$2:$B$3001,0),"")
A95: =IF($K95="","",87) | B95: =IF($K95="","",IF(INDEX(BASELINE!$I$2:$I$3001,$K95)="","",INDEX(BASELINE!$I$2:$I$3001,$K95))) | C95: =IF($K95="","",IF(INDEX(BASELINE!$J$2:$J$3001,$K95)="","",INDEX(BASELINE!$J$2:$J$3001,$K95))) | D95: =IF($K95="","",IF(INDEX(BASELINE!$M$2:$M$3001,$K95)="","",INDEX(BASELINE!$M$2:$M$3001,$K95))) | E95: =IF($K95="","",IF(INDEX(BASELINE!$L$2:$L$3001,$K95)="","",INDEX(BASELINE!$L$2:$L$3001,$K95))) | F95: =IF($K95="","",IF(INDEX(BASELINE!$P$2:$P$3001,$K95)="","",INDEX(BASELINE!$P$2:$P$3001,$K95))) | G95: =IF($K95="","",IF(INDEX(BASELINE!$K$2:$K$3001,$K95)="","",INDEX(BASELINE!$K$2:$K$3001,$K95))) | H95: =IF($K95="","",IF(INDEX(BASELINE!$N$2:$N$3001,$K95)="","",INDEX(BASELINE!$N$2:$N$3001,$K95))) | I95: =IF($K95="","",IF(INDEX(BASELINE!$O$2:$O$3001,$K95)="","",INDEX(BASELINE!$O$2:$O$3001,$K95))) | J95: =IF($K95="","",IF(ISNUMBER(SEARCH("break",INDEX(BASELINE!$T$2:$T$3001,$K95)&"")),"SIM","")) | K95: =IF(87<=CALC!$D$1,MATCH(87,CALC!$B$2:$B$3001,0),"")
A96: =IF($K96="","",88) | B96: =IF($K96="","",IF(INDEX(BASELINE!$I$2:$I$3001,$K96)="","",INDEX(BASELINE!$I$2:$I$3001,$K96))) | C96: =IF($K96="","",IF(INDEX(BASELINE!$J$2:$J$3001,$K96)="","",INDEX(BASELINE!$J$2:$J$3001,$K96))) | D96: =IF($K96="","",IF(INDEX(BASELINE!$M$2:$M$3001,$K96)="","",INDEX(BASELINE!$M$2:$M$3001,$K96))) | E96: =IF($K96="","",IF(INDEX(BASELINE!$L$2:$L$3001,$K96)="","",INDEX(BASELINE!$L$2:$L$3001,$K96))) | F96: =IF($K96="","",IF(INDEX(BASELINE!$P$2:$P$3001,$K96)="","",INDEX(BASELINE!$P$2:$P$3001,$K96))) | G96: =IF($K96="","",IF(INDEX(BASELINE!$K$2:$K$3001,$K96)="","",INDEX(BASELINE!$K$2:$K$3001,$K96))) | H96: =IF($K96="","",IF(INDEX(BASELINE!$N$2:$N$3001,$K96)="","",INDEX(BASELINE!$N$2:$N$3001,$K96))) | I96: =IF($K96="","",IF(INDEX(BASELINE!$O$2:$O$3001,$K96)="","",INDEX(BASELINE!$O$2:$O$3001,$K96))) | J96: =IF($K96="","",IF(ISNUMBER(SEARCH("break",INDEX(BASELINE!$T$2:$T$3001,$K96)&"")),"SIM","")) | K96: =IF(88<=CALC!$D$1,MATCH(88,CALC!$B$2:$B$3001,0),"")
A97: =IF($K97="","",89) | B97: =IF($K97="","",IF(INDEX(BASELINE!$I$2:$I$3001,$K97)="","",INDEX(BASELINE!$I$2:$I$3001,$K97))) | C97: =IF($K97="","",IF(INDEX(BASELINE!$J$2:$J$3001,$K97)="","",INDEX(BASELINE!$J$2:$J$3001,$K97))) | D97: =IF($K97="","",IF(INDEX(BASELINE!$M$2:$M$3001,$K97)="","",INDEX(BASELINE!$M$2:$M$3001,$K97))) | E97: =IF($K97="","",IF(INDEX(BASELINE!$L$2:$L$3001,$K97)="","",INDEX(BASELINE!$L$2:$L$3001,$K97))) | F97: =IF($K97="","",IF(INDEX(BASELINE!$P$2:$P$3001,$K97)="","",INDEX(BASELINE!$P$2:$P$3001,$K97))) | G97: =IF($K97="","",IF(INDEX(BASELINE!$K$2:$K$3001,$K97)="","",INDEX(BASELINE!$K$2:$K$3001,$K97))) | H97: =IF($K97="","",IF(INDEX(BASELINE!$N$2:$N$3001,$K97)="","",INDEX(BASELINE!$N$2:$N$3001,$K97))) | I97: =IF($K97="","",IF(INDEX(BASELINE!$O$2:$O$3001,$K97)="","",INDEX(BASELINE!$O$2:$O$3001,$K97))) | J97: =IF($K97="","",IF(ISNUMBER(SEARCH("break",INDEX(BASELINE!$T$2:$T$3001,$K97)&"")),"SIM","")) | K97: =IF(89<=CALC!$D$1,MATCH(89,CALC!$B$2:$B$3001,0),"")
A98: =IF($K98="","",90) | B98: =IF($K98="","",IF(INDEX(BASELINE!$I$2:$I$3001,$K98)="","",INDEX(BASELINE!$I$2:$I$3001,$K98))) | C98: =IF($K98="","",IF(INDEX(BASELINE!$J$2:$J$3001,$K98)="","",INDEX(BASELINE!$J$2:$J$3001,$K98))) | D98: =IF($K98="","",IF(INDEX(BASELINE!$M$2:$M$3001,$K98)="","",INDEX(BASELINE!$M$2:$M$3001,$K98))) | E98: =IF($K98="","",IF(INDEX(BASELINE!$L$2:$L$3001,$K98)="","",INDEX(BASELINE!$L$2:$L$3001,$K98))) | F98: =IF($K98="","",IF(INDEX(BASELINE!$P$2:$P$3001,$K98)="","",INDEX(BASELINE!$P$2:$P$3001,$K98))) | G98: =IF($K98="","",IF(INDEX(BASELINE!$K$2:$K$3001,$K98)="","",INDEX(BASELINE!$K$2:$K$3001,$K98))) | H98: =IF($K98="","",IF(INDEX(BASELINE!$N$2:$N$3001,$K98)="","",INDEX(BASELINE!$N$2:$N$3001,$K98))) | I98: =IF($K98="","",IF(INDEX(BASELINE!$O$2:$O$3001,$K98)="","",INDEX(BASELINE!$O$2:$O$3001,$K98))) | J98: =IF($K98="","",IF(ISNUMBER(SEARCH("break",INDEX(BASELINE!$T$2:$T$3001,$K98)&"")),"SIM","")) | K98: =IF(90<=CALC!$D$1,MATCH(90,CALC!$B$2:$B$3001,0),"")
A99: =IF($K99="","",91) | B99: =IF($K99="","",IF(INDEX(BASELINE!$I$2:$I$3001,$K99)="","",INDEX(BASELINE!$I$2:$I$3001,$K99))) | C99: =IF($K99="","",IF(INDEX(BASELINE!$J$2:$J$3001,$K99)="","",INDEX(BASELINE!$J$2:$J$3001,$K99))) | D99: =IF($K99="","",IF(INDEX(BASELINE!$M$2:$M$3001,$K99)="","",INDEX(BASELINE!$M$2:$M$3001,$K99))) | E99: =IF($K99="","",IF(INDEX(BASELINE!$L$2:$L$3001,$K99)="","",INDEX(BASELINE!$L$2:$L$3001,$K99))) | F99: =IF($K99="","",IF(INDEX(BASELINE!$P$2:$P$3001,$K99)="","",INDEX(BASELINE!$P$2:$P$3001,$K99))) | G99: =IF($K99="","",IF(INDEX(BASELINE!$K$2:$K$3001,$K99)="","",INDEX(BASELINE!$K$2:$K$3001,$K99))) | H99: =IF($K99="","",IF(INDEX(BASELINE!$N$2:$N$3001,$K99)="","",INDEX(BASELINE!$N$2:$N$3001,$K99))) | I99: =IF($K99="","",IF(INDEX(BASELINE!$O$2:$O$3001,$K99)="","",INDEX(BASELINE!$O$2:$O$3001,$K99))) | J99: =IF($K99="","",IF(ISNUMBER(SEARCH("break",INDEX(BASELINE!$T$2:$T$3001,$K99)&"")),"SIM","")) | K99: =IF(91<=CALC!$D$1,MATCH(91,CALC!$B$2:$B$3001,0),"")
A100: =IF($K100="","",92) | B100: =IF($K100="","",IF(INDEX(BASELINE!$I$2:$I$3001,$K100)="","",INDEX(BASELINE!$I$2:$I$3001,$K100))) | C100: =IF($K100="","",IF(INDEX(BASELINE!$J$2:$J$3001,$K100)="","",INDEX(BASELINE!$J$2:$J$3001,$K100))) | D100: =IF($K100="","",IF(INDEX(BASELINE!$M$2:$M$3001,$K100)="","",INDEX(BASELINE!$M$2:$M$3001,$K100))) | E100: =IF($K100="","",IF(INDEX(BASELINE!$L$2:$L$3001,$K100)="","",INDEX(BASELINE!$L$2:$L$3001,$K100))) | F100: =IF($K100="","",IF(INDEX(BASELINE!$P$2:$P$3001,$K100)="","",INDEX(BASELINE!$P$2:$P$3001,$K100))) | G100: =IF($K100="","",IF(INDEX(BASELINE!$K$2:$K$3001,$K100)="","",INDEX(BASELINE!$K$2:$K$3001,$K100))) | H100: =IF($K100="","",IF(INDEX(BASELINE!$N$2:$N$3001,$K100)="","",INDEX(BASELINE!$N$2:$N$3001,$K100))) | I100: =IF($K100="","",IF(INDEX(BASELINE!$O$2:$O$3001,$K100)="","",INDEX(BASELINE!$O$2:$O$3001,$K100))) | J100: =IF($K100="","",IF(ISNUMBER(SEARCH("break",INDEX(BASELINE!$T$2:$T$3001,$K100)&"")),"SIM","")) | K100: =IF(92<=CALC!$D$1,MATCH(92,CALC!$B$2:$B$3001,0),"")
A101: =IF($K101="","",93) | B101: =IF($K101="","",IF(INDEX(BASELINE!$I$2:$I$3001,$K101)="","",INDEX(BASELINE!$I$2:$I$3001,$K101))) | C101: =IF($K101="","",IF(INDEX(BASELINE!$J$2:$J$3001,$K101)="","",INDEX(BASELINE!$J$2:$J$3001,$K101))) | D101: =IF($K101="","",IF(INDEX(BASELINE!$M$2:$M$3001,$K101)="","",INDEX(BASELINE!$M$2:$M$3001,$K101))) | E101: =IF($K101="","",IF(INDEX(BASELINE!$L$2:$L$3001,$K101)="","",INDEX(BASELINE!$L$2:$L$3001,$K101))) | F101: =IF($K101="","",IF(INDEX(BASELINE!$P$2:$P$3001,$K101)="","",INDEX(BASELINE!$P$2:$P$3001,$K101))) | G101: =IF($K101="","",IF(INDEX(BASELINE!$K$2:$K$3001,$K101)="","",INDEX(BASELINE!$K$2:$K$3001,$K101))) | H101: =IF($K101="","",IF(INDEX(BASELINE!$N$2:$N$3001,$K101)="","",INDEX(BASELINE!$N$2:$N$3001,$K101))) | I101: =IF($K101="","",IF(INDEX(BASELINE!$O$2:$O$3001,$K101)="","",INDEX(BASELINE!$O$2:$O$3001,$K101))) | J101: =IF($K101="","",IF(ISNUMBER(SEARCH("break",INDEX(BASELINE!$T$2:$T$3001,$K101)&"")),"SIM","")) | K101: =IF(93<=CALC!$D$1,MATCH(93,CALC!$B$2:$B$3001,0),"")
...

Sheet COMO USAR
B2: COMO ATUALIZAR TODO DIA
B3: 1 | C3: Na aba BASELINE, apague os dados antigos (linha 2 em diante) e cole a exportação atualizada nas colunas A:T, mantendo a ordem das colunas.
B4: 2 | C4: Na aba SIMOPS, confira a data em D3 (padrão: amanhã). Para outro dia, digite a data.
B5: 3 | C5: Pronto: a lista, os HH e as marcações se atualizam sozinhos. Imprima ou exporte em PDF para a reunião.
B7: REGRAS USADAS (por operação)
B8: Entra na lista | C8: Data oficial = coluna 'Reprogramado' (se preenchida com data); senão, 'Data Prog.'. Entra a operação cuja data oficial é igual à data de execução (D3). Ordens ENCERRADAS ficam sempre de fora.
B9: BREAK-IN | C9: Palavra 'break' na coluna Comentários.
B11: OBSERVAÇÕES
B12: Colunas usadas | C12: Reprogramado (se existir, pelo nome do cabeçalho) e E Data Prog., I Ordem, J Operação, K Cen.trab., L Txt. operação, M Texto breve, N Local, O Denominação LI, P Trabalho (HH), T Comentários, D Status.
B13: Capacidade | C13: Até 3.000 linhas na BASELINE e 150 operações por dia na lista SIMOPS.
B14: Aba CALC | C14: Auxiliar (oculta). Não editar.

Sheet BASELINE
B1: x | C1: Ordem | D1: Status | E1: Data Prog. | F1: P. | G1: C. | H1: Data planejada | I1: Ordem | J1: Operação | K1: Cen.trab.operação | L1: Txt.breve operação | M1: Texto breve | N1: Local de instalação | O1: Denominação do LI | P1: Trabalho | Q1: Status do usuario | R1: Tipo de Atividade | S1: Conclusão Desejada | T1: Comentários
A2: INS | B2: 434992210 | C2: 4349922 | D2: ABERTA | E2: 46325 | F2: 4 | G2: 2 | I2: 4349922 | J2: 10 | K2: INS | L2: Verificar as pressões hidráulicas | M2: Checagem do sistema hidráulico K60E | N2: 1349-73MA001 | P2: 3 | Q2: VEND | R2: Z12 | S2: 46378
A3: INS | B3: 434992220 | C3: 4349922 | D3: ABERTA | E3: 46325 | F3: 4 | G3: 2 | I3: 4349922 | J3: 20 | K3: INS | L3: Ajustar as pressões hidráulicas | M3: Checagem do sistema hidráulico K60E | N3: 1349-73MA001 | P3: 3 | Q3: VEND | R3: Z12 | S3: 46378
A4: AUT | B4: 434992310 | C4: 4349923 | D4: ABERTA | E4: 46326 | F4: 4 | G4: 2 | I4: 4349923 | J4: 10 | K4: AUT | L4: Inspeção no sistema hidráulico | M4: Checagem do sistema hidráulico K60W | N4: 1349-73MA002 | P4: 5 | Q4: VEND | R4: Z12 | S4: 46378
A5: AUT | B5: 435007110 | C5: 4350071 | D5: ABERTA | E5: 46319 | F5: 4 | G5: 2 | I5: 4350071 | J5: 10 | K5: AUT | L5: troubleshooting | M5: Camera Visible/Thermal com avaria | N5: 1349-86RCN1004 | P5: 5 | Q5: DPRO | R5: Z12 | S5: 46319
A6: INT | B6: 428524310 | C6: 4285243 | D6: ENCERRADA | E6: 46317 | F6: 6 | G6: 3 | I6: 4285243 | J6: 10 | K6: INT | L6: Medidor de espessura do SPIE | M6: Medidor de espessura do SPIE | N6: 1349 | P6: 0 | Q6: AMAT | R6: Z07 | S6: 46317
A7: MAR | B7: 435552810 | C7: 4355528 | D7: LIBERADA | E7: 46312 | F7: 4 | G7: 1 | I7: 4355528 | J7: 10 | K7: MAR | L7: Check do cilindro de ar | M7: Air Starter Baleeira 1 c/ pressão baixa | N7: 1349-76SA001 | P7: 1 | Q7: DPRO | R7: Z12 | S7: 46312
A8: MAR | B8: 435552820 | C8: 4355528 | D8: LIBERADA | E8: 46312 | F8: 4 | G8: 1 | I8: 4355528 | J8: 20 | K8: MAR | L8: Trocar o cilindro por um novo | M8: Air Starter Baleeira 1 c/ pressão baixa | N8: 1349-76SA001 | P8: 2 | Q8: DPRO | R8: Z12 | S8: 46312
A9: AUT | B9: 428816410 | C9: 4288164 | D9: ENCERRADA | E9: 46323 | F9: 6 | G9: 3 | I9: 4288164 | J9: 10 | K9: POMAUT | L9: 77FY5514 Pressure Ctrl Damper C/ avaria | M9: 77FY5514 Pressure Ctrl Damper C/ avaria | N9: 1349-77FY5514 | P9: 4 | Q9: DPRO | R9: Z12 | S9: 46323
A10: AUT | B10: 428479910 | C10: 4284799 | D10: LIBERADA | E10: 46315 | F10: 6 | G10: 3 | I10: 4284799 | J10: 10 | K10: POMAUT | L10: Troubleshooting nos paineis 87JX003 e 87 | M10: Troubleshooting nos paineis 87JX003 e 87 | N10: 1349-SYS87 | P10: 8 | Q10: VEND | R10: Z12 | S10: 46315
A11: MEC | B11: 419608810 | C11: 4196088 | D11: ABERTA | E11: 46315 | F11: 4 | G11: 2 | I11: 4196088 | J11: 10 | K11: POMMEC | L11: Parafuso do Redutor de giro quebrado | M11: Parafuso do Redutor de giro quebrado | N11: 1349-73MA002 | P11: 5 | Q11: VEND | R11: Z12 | S11: 46115
A12: MEC | B12: 436543710 | C12: 4365437 | D12: ENCERRADA | E12: 46313 | F12: 4 | G12: 2 | I12: 4365437 | J12: 10 | K12: MEC | L12: Realizar inspeção 71PI001A-D01 | M12: PRED_OLEO - 2600005802 - ANORMAL | N12: 1349-71PI001A-D01 | P12: 3 | Q12: DPRO | R12: Z10 | S12: 46298
A13: MEC | B13: 436543720 | C13: 4365437 | D13: ENCERRADA | E13: 46313 | F13: 4 | G13: 2 | I13: 4365437 | J13: 20 | K13: MEC | L13: Realizar coleta do óleo 71PI001A-D01 | M13: PRED_OLEO - 2600005802 - ANORMAL | N13: 1349-71PI001A-D01 | P13: 1 | Q13: DPRO | R13: Z10 | S13: 46298
A14: MEC | B14: 436543810 | C14: 4365438 | D14: ENCERRADA | E14: 46314 | F14: 4 | G14: 2 | I14: 4365438 | J14: 10 | K14: MEC | L14: Realizar inspeção 71PI001A-D01 | M14: PRED_OLEO - 2600030968 - ANORMAL | N14: 1349-71PI001A-D01 | P14: 3 | Q14: DPRO | R14: Z10 | S14: 46298
A15: MEC | B15: 436543820 | C15: 4365438 | D15: ENCERRADA | E15: 46314 | F15: 4 | G15: 2 | I15: 4365438 | J15: 20 | K15: MEC | L15: Realizar filtragem 71PI001A-D01 | M15: PRED_OLEO - 2600030968 - ANORMAL | N15: 1349-71PI001A-D01 | P15: 6 | Q15: DPRO | R15: Z10 | S15: 46298
A16: MEC | B16: 436544010 | C16: 4365440 | D16: ENCERRADA | E16: 46326 | F16: 4 | G16: 2 | I16: 4365440 | J16: 10 | K16: MEC | L16: Realizar filtragem 71P1001B-X01 | M16: PRED_OLEO - 2600005899 - ANORMAL | N16: 1349-71PI001B-X01 | P16: 6 | Q16: DPRO | R16: Z10 | S16: 46298
A17: MEC | B17: 436543910 | C17: 4365439 | D17: ENCERRADA | E17: 46326 | F17: 4 | G17: 2 | I17: 4365439 | J17: 10 | K17: MEC | L17: Realizar filtragem 84EG001-D01 | M17: PRED_OLEO - 2600030899 - ANORMAL | N17: 1349-84EG001-D01 | P17: 6 | Q17: DPRO | R17: Z10 | S17: 46298
A18: INS | B18: 436081110 | C18: 4360811 | D18: ENCERRADA | E18: 46318 | F18: 4 | G18: 1 | I18: 4360811 | J18: 10 | K18: INS | L18: Troubleshooting 85FSL0001 | M18: Troubleshooting 85FSL0001 | N18: 1349-85FSL0001 | P18: 6 | Q18: DPRO | R18: Z12 | S18: 46318
... A22: TER | B22: 434992330 | C22: 4349923 | D22: ABERTA | E22: 46326 | F22: 4 | G22: 2 | I22: 4349923 | J22: 30 | K22: TER | L22: VERIFICAÇÃO SISTEMA HIDRÁULICO GUINDASTE | M22: Checagem do sistema hidráulico K60E | N22: 1349-73MA002 | P22: 5 | Q22: VEND | R22: Z12 | S22: 46378
A23: ELE | B23: 438448810 | C23: 4384488 | D23: ENCERRADA | E23: 46316 | F23: 3 | G23: 2 | H23: 46316 | I23: 4384488 | J23: 10 | K23: POMELE | L23: 02W PREPARATION AND REPORT | M23: HIPOCHLORITE GENERATOR BIWEEKLY MAINT | N23: 1349-47XX001 | P23: 1 | Q23: PLANO | R23: Z12 | S23: 46316
A24: ELE | B24: 438448820 | C24: 4384488 | D24: ENCERRADA | E24: 46316 | F24: 3 | G24: 2 | H24: 46316 | I24: 4384488 | J24: 20 | K24: POMELE | L24: 02W ELECTROLYZER OPERATING PARAMETERS | M24: HIPOCHLORITE GENERATOR BIWEEKLY MAINT | N24: 1349-47XX001 | P24: 4 | Q24: PLANO | R24: Z12 | S24: 46316
A25: PRO | B25: 438448830 | C25: 4384488 | D25: LIBERADA | E25: 46316 | F25: 3 | G25: 2 | H25: 46316 | I25: 4384488 | J25: 30 | K25: POMPRO | L25: 02W ELECTROLYZER OPERATING PARAMETERS | M25: HIPOCHLORITE GENERATOR BIWEEKLY MAINT | N25: 1349-47XX001 | P25: 2 | Q25: PLANO | R25: Z12 | S25: 46316
A26: MEC | B26: 43844495 | C26: 4384449 | D26: LIBERADA | E26: 46320 | F26: 3 | G26: 2 | H26: 46320 | I26: 4384449 | J26: 5 | K26: POMMEC | L26: 02W PREPARATION AND REPORT | M26: STOP-U EAST CRANE DIESEL ENGINE | N26: 1349-73MA001 | P26: 1 | Q26: PLANO | R26: Z12 | S26: 46320
A27: MEC | B27: 438444920 | C27: 4384449 | D27: LIBERADA | E27: 46320 | F27: 3 | G27: 2 | H27: 46320 | I27: 4384449 | J27: 20 | K27: POMMEC | L27: 02W DIESEL ENGINE | M27: STOP-U EAST CRANE DIESEL ENGINE | N27: 1349-73MA001 | P27: 1 | Q27: PLANO | R27: Z12 | S27: 46320
A28: MEC | B28: 438444930 | C28: 4384449 | D28: LIBERADA | E28: 46320 | F28: 3 | G28: 2 | H28: 46320 | I28: 4384449 | J28: 30 | K28: POMMEC | L28: 02W DIESEL ENGINE OIL CHANGE | M28: STOP-U EAST CRANE DIESEL ENGINE | N28: 1349-73MA001 | P28: 2 | Q28: PLANO | R28: Z12 | S28: 46320
A29: ELE | B29: 438444940 | C29: 4384449 | D29: ENCERRADA | E29: 46320 | F29: 3 | G29: 2 | H29: 46320 | I29: 4384449 | J29: 40 | K29: POMELE | L29: 02W DIESEL ENGINE | M29: STOP-U EAST CRANE DIESEL ENGINE | N29: 1349-73MA001 | P29: 0.5 | Q29: PLANO | R29: Z12 | S29: 46320
A30: MEC | B30: 43845175 | C30: 4384517 | D30: ENCERRADA | E30: 46320 | F30: 3 | G30: 2 | H30: 46320 | I30: 4384517 | J30: 5 | K30: POMMEC | L30: 02W PREPARATION AND REPORT | M30: STOP-U EAST CRANE DIESEL ENGINE | N30: 1349-73MA001 | P30: 1 | Q30: PLANO | R30: Z12 | S30: 46320
A31: MEC | B31: 438451720 | C31: 4384517 | D31: ENCERRADA | E31: 46320 | F31: 3 | G31: 2 | H31: 46320 | I31: 4384517 | J31: 20 | K31: POMMEC | L31: 02W DIESEL ENGINE | M31: STOP-U EAST CRANE DIESEL ENGINE | N31: 1349-73MA001 | P31: 1 | Q31: PLANO | R31: Z12 | S31: 46320
A32: MEC | B32: 438451730 | C32: 4384517 | D32: ENCERRADA | E32: 46320 | F32: 3 | G32: 2 | H32: 46320 | I32: 4384517 | J32: 30 | K32: POMMEC | L32: 02W DIESEL ENGINE OIL CHANGE | M32: STOP-U EAST CRANE DIESEL ENGINE | N32: 1349-73MA001 | P32: 2 | Q32: PLANO | R32: Z12 | S32: 46320
A33: ELE | B33: 438451740 | C33: 4384517 | D33: ENCERRADA | E33: 46320 | F33: 3 | G33: 2 | H33: 46320 | I33: 4384517 | J33: 40 | K33: POMELE | L33: 02W DIESEL ENGINE | M33: STOP-U EAST CRANE DIESEL ENGINE | N33: 1349-73MA001 | P33: 0.5 | Q33: PLANO | R33: Z12 | S33: 46320
A34: MEC | B34: 43844535 | C34: 4384453 | D34: ENCERRADA | E34: 46320 | F34: 3 | G34: 2 | H34: 46320 | I34: 4384453 | J34: 5 | K34: POMMEC | L34: 02W PREPARATION AND REPORT | M34: STOP-U WEST CRANE DIESEL ENGINE | N34: 1349-73MA002 | P34: 1 | Q34: PLANO | R34: Z12 | S34: 46320
... A120: PRO | B120: 438651010 | C120: 4386510 | D120: ENCERRADA | E120: 46318 | F120: 5 | G120: 3 | H120: 46318 | I120: 4386510 | J120: 10 | K120: PRO | L120: INS-1813 INSP PRO FILTRO | M120: INSP FILTRO INS-1813 PRO 4M | N120: PERGC-PSIQ-UJQ-01-13 | P120: 3 | Q120: PLANO | R120: Z09 | S120: 46318
A121: ELE | B121: 439103210 | C121: 4391032 | D121: ABERTA | E121: 46326 | F121: 1 | G121: 1 | I121: 4391032 | J121: 10 | K121: ELE | L121: Manut corretiva UPS Iluminação B 85002B | M121: Manut corretiva UPS Iluminação B 85002B | N121: PERGC-FECC-UPS-01-10-01 | P121: 0 | Q121: AMAT | R121: Z12 | S121: 46310
A122: AUT | B122: 438946510 | C122: 4389465 | D122: LIBERADA | E122: 46326 | F122: 4 | G122: 2 | I122: 4389465 | J122: 10 | K122: AUT | L122: Troca dos componentes do radar sul | M122: Radar Sul com paradas intermitentes. | N122: PERGC-SDMT-PNN-04-10 | P122: 16 | Q122: VEND | R122: Z03 | S122: 46395
A123: CON | B123: 439189410 | C123: 4391894 | D123: ABERTA | E123: 46320 | F123: 6 | G123: 3 | I123: 4391894 | J123: 10 | K123: PIN | L123: TRAT. E PINT. TETO EXT. HV-LV | M123: TRAT. E PINT. TETO EXT. HV-LV | N123: PERGC | P123: 120 | Q123: PROG | R123: Z13 | S123: 46419
A124: CON | B124: 438954810 | C124: 4389548 | D124: ABERTA | E124: 46321 | F124: 4 | G124: 3 | I124: 4389548 | J124: 10 | K124: PIN | L124: PC RI:0001 REL:0837/24 24/06/2024 | M124: PC RI:0001 REL:0837/24 24/06/2024 | N124: PERGC-FSAC | P124: 68 | Q124: PROG | R124: Z01 | S124: 46562
A125: MEC | B125: 439338510 | C125: 4393385 | D125: ENCERRADA | E125: 46319 | F125: 6 | G125: 2 | I125: 4393385 | J125: 10 | K125: MEC | L125: Revisão do motor 50PS001B-M01 SWLP | M125: PRED_VIB - ROLAMENTO - SET26 SWIL | N125: PERGC-FSCA-MBB-10-04 | P125: 12 | Q125: DPRO | R125: Z12 | S125: 46319
A126: CON | B126: 438961210 | C126: 4389612 | D126: ABERTA | E126: 46321 | F126: 4 | G126: 3 | I126: 4389612 | J126: 10 | K126: PIN | L126: PC RI:0013 REL:0189/26 02/04/2026 | M126: PC RI:0013 REL:0189/26 02/04/2026 | N126: PERGC-FSRA | P126: 101 | Q126: PROG | R126: Z01 | S126: 47210
A127: CON | B127: 438959710 | C127: 4389597 | D127: ABERTA | E127: 46315 | F127: 4 | G127: 3 | I127: 4389597 | J127: 10 | K127: PIN | L127: PC RI:0023 REL:0187/26 31/03/2026 | M127: PC RI:0023 REL:0187/26 31/03/2026 | N127: PERGC-PSAI | P127: 35 | Q127: PROG | R127: Z01 | S127: 46843
A128: CON | B128: 438959810 | C128: 4389598 | D128: ABERTA | E128: 46315 | F128: 4 | G128: 3 | I128: 4389598 | J128: 10 | K128: PIN | L128: PC RI:0024 REL:0187/26 31/03/2026 | M128: PC RI:0024 REL:0187/26 31/03/2026 | N128: PERGC-PSAI | P128: 101 | Q128: PROG | R128: Z01 | S128: 46843
A129: CON | B129: 438960710 | C129: 4389607 | D129: ENCERRADA | E129: 46315 | F129: 4 | G129: 3 | I129: 4389607 | J129: 10 | K129: PIN | L129: PC RI:0025 REL:0187/26 31/03/2026 | M129: PC RI:0025 REL:0187/26 31/03/2026 | N129: PERGC-PSAI | P129: 35 | Q129: PROG | R129: Z01 | S129: 46843
A130: ELE | B130: 439103210 | C130: 4391032 | D130: ABERTA | E130: 46318 | F130: 1 | G130: 1 | I130: 4391032 | J130: 10 | K130: ELE | L130: Manut corretiva UPS Iluminação B 85002B | M130: Manut corretiva UPS Iluminação B 85002B | N130: PERGC-FECC-UPS-01-10-01 | P130: 16 | Q130: PROG | R130: Z12 | S130: 46310
A131: MEC | B131: 436543710 | C131: 4365437 | D131: ENCERRADA | E131: 46320 | F131: 4 | G131: 2 | I131: 4365437 | J131: 10 | K131: MEC | L131: Realizar inspeção 71PI001A-D01 | M131: PRED_OLEO - 2600005802 - ANORMAL | N131: PERGC-FSCI-MBB-01-10-01 | P131: 3 | Q131: PROG | R131: Z10 | S131: 46298
A132: MEC | B132: 436543720 | C132: 4365437 | D132: ENCERRADA | E132: 46320 | F132: 4 | G132: 2 | I132: 4365437 | J132: 20 | K132: MEC | L132: Realizar coleta do óleo 71PI001A-D01 | M132: PRED_OLEO - 2600005802 - ANORMAL | N132: PERGC-FSCI-MBB-01-10-01 | P132: 1 | Q132: PROG | R132: Z10 | S132: 46298
... A140: CON | B140: 434946020 | C140: 4349460 | D140: ABERTA | E140: 46326 | F140: 6 | G140: 3 | I140: 4349460 | J140: 20 | K140: CON | L140: Apoio na troca dos estojos | M140: Estojos Check valve Booster C danificado | N140: PERGC-PSCO-MBB-01-10-37-28 | P140: 9 | Q140: PROG | R140: Z07 | S140: 46296
A141: HSE | B141: 435531210 | C141: 4355312 | D141: ENCERRADA | E141: 46313 | F141: 5 | G141: 3 | H141: 46313 | I141: 4355312 | J141: 10 | K141: HSE | L141: INS-2133 HSE ANDAIMES | M141: INSP ANDAIMES INS-2133 HSE 1M | N141: PERGC | O141: PLATAFORMA WHP-C (PRODUCAO) | P141: 4 | Q141: PLANO | R141: Z09 | S141: 46313
A142: TER | B142: 438586710 | C142: 4385867 | D142: ABERTA | E142: 46311 | F142: 5 | G142: 3 | H142: 46311 | I142: 4385867 | J142: 10 | K142: TER | L142: PSE-1423 CERT MAR MANGOTES | M142: CERT MANGOTES PSE-1423 MAR 1A | N142: PERGC-FAIN-REC-01-01-10-04 | O142: DWATER-01-MG MANGOTE CARREGAMENTO EAST | P142: 4 | Q142: PLANO-VEND | R142: Z05 | S142: 46311
A143: MAR | B143: 438650910 | C143: 4386509 | D143: ENCERRADA | E143: 46318 | F143: 5 | G143: 3 | H143: 46318 | I143: 4386509 | J143: 10 | K143: MAR | L143: INS-1431 INSP MAR MANGOTES | M143: INSP MANGOTES INS-1431 MAR 3M | N143: PERGC-FAIN-REC-01-01-10-04 | O143: DWATER-01-MG MANGOTE CARREGAMENTO EAST | P143: 1 | Q143: PLANO | R143: Z09 | S143: 46318
A144: MAR | B144: 438654810 | C144: 4386548 | D144: ENCERRADA | E144: 46320 | F144: 3 | G144: 3 | H144: 46320 | I144: 4386548 | J144: 10 | K144: MAR | L144: INS-1431 INSP MAR MANGOTES | M144: INSP MANGOTES INS-1431 MAR 3M | N144: PERGC-FAIN-REC-01-04-10-04 | O144: DWATER-02-MG MANGOTE CARREGAMENTO WEST | P144: 1 | Q144: PLANO | R144: Z09 | S144: 46320
A145: MEC | B145: 438665810 | C145: 4386658 | D145: ENCERRADA | E145: 46319 | F145: 5 | G145: 2 | H145: 46319 | I145: 4386658 | J145: 10 | K145: MEC | L145: INS-1500 INSP OPM VISUAL BOMBA | M145: INSP VISUAL BOMBA INS-1500 MEC 1M | N145: PERGC-FAPO-DES-01-37-01 | O145: 47PX002 BOMBA CLORO | P145: 1 | Q145: PLANO | R145: Z09 | S145: 46319
A146: MEC | B146: 438653210 | C146: 4386532 | D146: ENCERRADA | E146: 46319 | F146: 5 | G146: 3 | H146: 46319 | I146: 4386532 | J146: 10 | K146: MEC | L146: INS-1500 INSP OPM VISUAL BOMBA | M146: INSP VISUAL BOMBA INS-1500 MEC 1M | N146: PERGC-FAPO-DES-01-52-01 | O146: 53PX002 BOMBA LIMPEZA | P146: 1 | Q146: PLANO | R146: Z09 | S146: 46319
A147: MEC | B147: 438656510 | C147: 4386565 | D147: ENCERRADA | E147: 46321 | F147: 5 | G147: 3 | H147: 46321 | I147: 4386565 | J147: 10 | K147: MEC | L147: INS-1500 INSP OPM VISUAL BOMBA | M147: INSP VISUAL BOMBA INS-1500 MEC 1M | N147: PERGC-FAPO-TRA-01-07-01 | O147: 53PA801A BOMBA CIRCULACAO 1 LQ | P147: 1 | Q147: PLANO | R147: Z09 | S147: 46321
A148: MEC | B148: 438641310 | C148: 4386413 | D148: ENCERRADA | E148: 46311 | F148: 5 | G148: 3 | H148: 46311 | I148: 4386413 | J148: 10 | K148: MEC | L148: INS-1500 INSP OPM VISUAL BOMBA | M148: INSP VISUAL BOMBA INS-1500 MEC 1M | N148: PERGC-FAPO-TRA-01-10-01 | O148: 53PA801B BOMBA CIRCULACAO 2 LQ | P148: 1 | Q148: PLANO | R148: Z09 | S148: 46311
A149: ELE | B149: 438587210 | C149: 4385872 | D149: ENCERRADA | E149: 46313 | F149: 5 | G149: 3 | H149: 46313 | I149: 4385872 | J149: 10 | K149: ELE | L149: PSE-1812 MANUT PRO CONDE/TROC CALOR | M149: MANUT TROCADOR PSE-1812 PRO 1A | N149: PERGC-FAPO-TRA-01-19-04 | O149: 53VX802-H01 AQUECEDOR | P149: 1 | Q149: PLANO | R149: Z12 | S149: 46313
A150: HSE | B150: 438654910 | C150: 4386549 | D150: ABERTA | E150: 46320 | F150: 5 | G150: 3 | H150: 46320 | I150: 4386549 | J150: 10 | K150: HSE | L150: INS-2133 HSE ANDAIMES | M150: INSP ANDAIMES INS-2133 HSE 1M | N150: PERGC-FCOE | O150: SISTEMA ESTRUTURAS CONVES E CASCO | P150: 4 | Q150: PLANO | R150: Z09 | S150: 46320
A151: MAR | B151: 438653410 | C151: 4386534 | D151: ENCERRADA | E151: 46319 | F151: 2 | G151: 3 | H151: 46319 | I151: 4386534 | J151: 10 | K151: MAR | L151: INS-1415 INSP MAR PORTA CORTA FOGO | M151: INSP PORTA CORTA FOGO INS-1415 MAR 3M | N151: PERGC-FCOE-ETR-16-01 | O151: CJ PORTAS CORTA FOGO TIPO A | P151: 5 | Q151: PLANO | R151: Z09 | S151: 46319
A152: ELE | B152: 438523710 | C152: 4385237 | D152: ENCERRADA | E152: 46318 | F152: 2 | G152: 1 | H152: 46318 | I152: 4385237 | J152: 10 | K152: ELE | L152: INS-1206 INSP ELE BANCO BATERIAS | M152: INSP BATERIAS INS-1206 ELE 3M | N152: PERGC-FECC-RET-01-01 | O152: 85EB001A BATERIA PLATFORM UPS A 120KVA | P152: 2.5 | Q152: PLANO | R152: Z09 | S152: 46318
... A240: PRO | B240: 435507510 | C240: 4355075 | D240: ENCERRADA | E240: 46312 | F240: 5 | G240: 1 | H240: 46312 | I240: 4355075 | J240: 10 | K240: PRO | L240: INS-1815 INSP PRO VALVULA DILUVIO | M240: INSP VALV DILUVIO INS-1815 PRO 1M | N240: PERGC-FSCI-RAC-04-01 | O240: 71DV0027 VALVULA ON/OFF 6" | P240: 1 | Q240: PLANO | R240: Z09 | S240: 46312
A241: HSE | B241: 438659010 | C241: 4386590 | D241: #N/A | E241: 46322 | F241: 5 | G241: 3 | H241: 46322 | I241: 4386590 | J241: 10 | K241: HSE | L241: INS-2129 INSP HSE BANCO CILINDROS | M241: INSP BANCO CILINDROS INS-2129 HSE 1M | N241: PERGC-FSCI-RGI-04-04 | O241: CJ FM-200 72ZS001 | P241: 1 | Q241: PLANO | R241: Z09 | S241: 46322
A242: INS | B242: 438659020 | C242: 4386590 | D242: ENCERRADA | E242: 46322 | F242: 5 | G242: 3 | H242: 46322 | I242: 4386590 | J242: 20 | K242: INS | L242: INS-2129 INSP INS BANCO CILINDROS | M242: INSP BANCO CILINDROS INS-2129 HSE 1M | N242: PERGC-FSCI-RGI-04-04 | O242: CJ FM-200 72ZS001 | P242: 1 | Q242: PLANO | R242: Z09 | S242: 46322
A243: HSE | B243: 438659210 | C243: 4386592 | D243: ENCERRADA | E243: 46322 | F243: 5 | G243: 3 | H243: 46322 | I243: 4386592 | J243: 10 | K243: HSE | L243: INS-2129 INSP HSE BANCO CILINDROS | M243: INSP BANCO CILINDROS INS-2129 HSE 1M | N243: PERGC-FSCI-RGI-04-10 | O243: CJ FM-200 72ZS003 | P243: 1 | Q243: PLANO | R243: Z09 | S243: 46322
A244: INS | B244: 438659220 | C244: 4386592 | D244: ENCERRADA | E244: 46322 | F244: 5 | G244: 3 | H244: 46322 | I244: 4386592 | J244: 20 | K244: INS | L244: INS-2129 INSP INS BANCO CILINDROS | M244: INSP BANCO CILINDROS INS-2129 HSE 1M | N244: PERGC-FSCI-RGI-04-10 | O244: CJ FM-200 72ZS003 | P244: 1 | Q244: PLANO | R244: Z09 | S244: 46322
A245: MEC | B245: 438649810 | C245: 4386498 | D245: ENCERRADA | E245: 46317 | F245: 5 | G245: 3 | H245: 46317 | I245: 4386498 | J245: 10 | K245: MEC | L245: INSP CILINDRO N2/H2O INS-1550 MEC 1M | M245: INSP CILINDRO N2/H2O INS-1550 MEC 1M | N245: PERGC-FSCI-RGI-04-13 | O245: CJ FM-200 72ZS004 | P245: 1 | Q245: PLANO | R245: Z09 | S245: 46317
A246: MEC | B246: 438651310 | C246: 4386513 | D246: ENCERRADA | E246: 46318 | F246: 5 | G246: 3 | H246: 46318 | I246: 4386513 | J246: 10 | K246: MEC | L246: INSP CILINDRO N2/H2O INS-1550 MEC 1M | M246: INSP CILINDRO N2/H2O INS-1550 MEC 1M | N246: PERGC-FSCI-RGI-04-16 | O246: CJ FM-200 72ZS005 | P246: 1 | Q246: PLANO | R246: Z09 | S246: 46318
A247: MEC | B247: 438655110 | C247: 4386551 | D247: ENCERRADA | E247: 46320 | F247: 5 | G247: 3 | H247: 46320 | I247: 4386551 | J247: 10 | K247: MEC | L247: INSP CILINDRO N2/H2O INS-1550 MEC 1M | M247: INSP CILINDRO N2/H2O INS-1550 MEC 1M | N247: PERGC-FSCI-RGI-04-19 | O247: CJ FM-200 72ZS006 | P247: 1 | Q247: PLANO | R247: Z09 | S247: 46320
A248: HSE | B248: 438641710 | C248: 4386417 | D248: ENCERRADA | E248: 46311 | F248: 5 | G248: 3 | H248: 46311 | I248: 4386417 | J248: 10 | K248: HSE | L248: INS-2129 INSP HSE BANCO CILINDROS | M248: INSP BANCO CILINDROS INS-2129 HSE 1M | N248: PERGC-FSCI-RGI-07-10-10 | O248: CJ BANCO CILINDROS - RESERVA | P248: 1 | Q248: PLANO | R248: Z09 | S248: 46311
A249: INS | B249: 438641720 | C249: 4386417 | D249: ENCERRADA | E249: 46311 | F249: 5 | G249: 3 | H249: 46311 | I249: 4386417 | J249: 20 | K249: INS | L249: INS-2129 INSP INS BANCO CILINDROS | M249: INSP BANCO CILINDROS INS-2129 HSE 1M | N249: PERGC-FSCI-RGI-07-10-10 | O249: CJ BANCO CILINDROS - RESERVA | P249: 1 | Q249: PLANO | R249: Z09 | S249: 46311
A250: INS | B250: 438646910 | C250: 4386469 | D250: ABERTA | E250: 46315 | F250: 5 | G250: 3 | H250: 46315 | I250: 4386469 | J250: 10 | K250: INS | L250: PTF-1306 TEST FUNC INS DETECTOR GAS | M250: TEST FUNC DETECT GAS CH4 PTF-1306 INS 6M | N250: PERGC-FSFG-DTC-04-01 | O250: CJ DETECTOR GAS FIRE AREA G00W | P250: 8 | Q250: PLANO | R250: Z08 | S250: 46315
A251: INS | B251: 438591110 | C251: 4385911 | D251: ENCERRADA | E251: 46321 | F251: 5 | G251: 3 | H251: 46321 | I251: 4385911 | J251: 10 | K251: INS | L251: INS-1312 INSP INS DETECTOR GAS | M251: INSP DETECT GAS CH4 INS-1312 INS 3M | N251: PERGC-FSFG-DTC-07-01 | O251: CJ DETECTOR GAS FIRE AREA L100 | P251: 8 | Q251: PLANO | R251: Z09 | S251: 46321
A252: INS | B252: 438592010 | C252: 4385920 | D252: ABERTA | E252: 46323 | F252: 5 | G252: 3 | H252: 46323 | I252: 4385920 | J252: 10 | K252: INS | L252: PTF-1306 TEST FUNC INS DETECTOR GAS | M252: TEST FUNC DETECT GAS CH4 PTF-1306 INS 6M | N252: PERGC-FSFG-DTC-07-01 | O252: CJ DETECTOR GAS FIRE AREA L100 | P252: 8 | Q252: PLANO | R252: Z08 | S252: 46323
A253: INS | B253: 438646610 | C253: 4386466 | D253: ABERTA | E253: 46315 | F253: 5 | G253: 3 | H253: 46315 | I253: 4386466 | J253: 10 | K253: INS | L253: PCL-1308 CALIB INS DETECTOR GAS | M253: CALIB DETECT GAS CH4 PCL-1308 INS 1A | N253: PERGC-FSFG-DTC-08-01 | O253: CJ DETECTOR GAS FIRE AREA L200 | P253: 8 | Q253: PLANO | R253: Z04 | S253: 46315
... A506: HSE | B506: 438649310 | C506: 4386493 | D506: ENCERRADA | E506: 46317 | F506: 5 | G506: 3 | H506: 46317 | I506: 4386493 | J506: 10 | K506: HSE | L506: INS-2109 INSP HSE DETECTOR PORTATIL | M506: INSP DETECTOR PORTATIL INS-2109 HSE 1M | N506: PERGC-SSEG-EPC-04 | O506: CJ DETECTORES GAS PORTAIES | P506: 4 | Q506: PLANO | R506: Z09 | S506: 46317
A507: ELE | B507: 435065910 | C507: 4350659 | D507: LIBERADA | E507: 46321 | F507: 6 | G507: 3 | I507: 4350659 | J507: 10 | K507: ELE | L507: Trocar luminária 82EL104-229 | M507: Luminaria do teto do coffee shop apagada | N507: PERGC-FEDN-PNN-16-18 | O507: 82EL104-229 REST/BREAK LTG | P507: 6 | Q507: DPRO | R507: Z12 | S507: 46312
A508: CON | B508: 435065920 | C508: 4350659 | D508: ENCERRADA | E508: 46321 | F508: 6 | G508: 3 | I508: 4350659 | J508: 20 | K508: CON | L508: Apoio do IRATA | M508: Luminaria do teto do coffee shop apagada | N508: PERGC-FEDN-PNN-16-18 | O508: 82EL104-229 REST/BREAK LTG | P508: 18 | Q508: DPRO | R508: Z12 | S508: 46312
A509: ELE | B509: 434149710 | C509: 4341497 | D509: ABERTA | E509: 46323 | F509: 6 | G509: 3 | I509: 4341497 | J509: 10 | K509: ELE | L509: Trocar refletor 82EL101-@Jq09-E03 | M509: Refletor de 4leds com um 1led apagado. | N509: PERGC-FEIN-LUM-01-07-13-43 | O509: 82EL101B-2JQ09-E03 FLOODLIGHT ZONE 1 | P509: 0 | Q509: AMAT | R509: Z12 | S509: 46314
A510: CON | B510: 434149720 | C510: 4341497 | D510: ABERTA | E510: 46323 | F510: 6 | G510: 3 | I510: 4341497 | J510: 20 | K510: CON | L510: Trocar refletor IRATA 82EL101-@Jq09-E03 | M510: Refletor de 4leds com um 1led apagado. | N510: PERGC-FEIN-LUM-01-07-13-43 | O510: 82EL101B-2JQ09-E03 FLOODLIGHT ZONE 1 | P510: 0 | Q510: AMAT | R510: Z12 | S510: 46314
A511: ELE | B511: 435065610 | C511: 4350656 | D511: LIBERADA | E511: 46311 | F511: 6 | G511: 3 | I511: 4350656 | J511: 10 | K511: ELE | L511: Trocar Luminária 82EL101B-2LQ05-E05 | M511: Luminária com 75% de led em operação | N511: PERGC-FEIN-LUM-01-07-13-59 | O511: 82EL101B-2KQ02-E04 LUMINARIA | P511: 6 | Q511: DPRO | R511: Z12 | S511: 46311
A512: ELE | B512: 435065620 | C512: 4350656 | D512: LIBERADA | E512: 46312 | F512: 6 | G512: 3 | I512: 4350656 | J512: 20 | K512: ELE | L512: Trocar Luminária 82EL101B-2LQ06-E04 | M512: Luminária com 75% de led em operação | N512: PERGC-FEIN-LUM-01-07-13-59 | O512: 82EL101B-2KQ02-E04 LUMINARIA | P512: 6 | Q512: DPRO | R512: Z12 | S512: 46311
A513: ELE | B513: 435065630 | C513: 4350656 | D513: LIBERADA | E513: 46313 | F513: 6 | G513: 3 | I513: 4350656 | J513: 30 | K513: ELE | L513: Trocar Luminária 82EL101B-2JQ04-E02 | M513: Luminária com 75% de led em operação | N513: PERGC-FEIN-LUM-01-07-13-59 | O513: 82EL101B-2KQ02-E04 LUMINARIA | P513: 6 | Q513: DPRO | R513: Z12 | S513: 46311
A514: ELE | B514: 435065640 | C514: 4350656 | D514: ENCERRADA | E514: 46314 | F514: 6 | G514: 3 | I514: 4350656 | J514: 40 | K514: ELE | L514: Trocar Luminária 82EL101B-2JQ06-E02 | M514: Luminária com 75% de led em operação | N514: PERGC-FEIN-LUM-01-07-13-59 | O514: 82EL101B-2KQ02-E04 LUMINARIA | P514: 6 | Q514: DPRO | R514: Z12 | S514: 46311
A515: ELE | B515: 435065650 | C515: 4350656 | D515: ENCERRADA | E515: 46315 | F515: 6 | G515: 3 | I515: 4350656 | J515: 50 | K515: ELE | L515: Trocar Luminária 82EL101B-2JQ06-E04 | M515: Luminária com 75% de led em operação | N515: PERGC-FEIN-LUM-01-07-13-59 | O515: 82EL101B-2KQ02-E04 LUMINARIA | P515: 6 | Q515: DPRO | R515: Z12 | S515: 46311
A516: ELE | B516: 435065660 | C516: 4350656 | D516: LIBERADA | E516: 46316 | F516: 6 | G516: 3 | I516: 4350656 | J516: 60 | K516: ELE | L516: Trocar Luminária 82EL101B-2JQ07-E01 | M516: Luminária com 75% de led em operação | N516: PERGC-FEIN-LUM-01-07-13-59 | O516: 82EL101B-2KQ02-E04 LUMINARIA | P516: 6 | Q516: DPRO | R516: Z12 | S516: 46311
A517: ELE | B517: 435065670 | C517: 4350656 | D517: LIBERADA | E517: 46317 | F517: 6 | G517: 3 | I517: 4350656 | J517: 70 | K517: ELE | L517: Trocar Luminária 82EL101B-2JQ07-E05 | M517: Luminária com 75% de led em operação | N517: PERGC-FEIN-LUM-01-07-13-59 | O517: 82EL101B-2KQ02-E04 LUMINARIA | P517: 6 | Q517: DPRO | R517: Z12 | S517: 46311
A518: ELE | B518: 435065680 | C518: 4350656 | D518: LIBERADA | E518: 46318 | F518: 6 | G518: 3 | I518: 4350656 | J518: 80 | K518: ELE | L518: Trocar Luminária 82EL101B-2JQ06-E03 | M518: Luminária com 75% de led em operação | N518: PERGC-FEIN-LUM-01-07-13-59 | O518: 82EL101B-2KQ02-E04 LUMINARIA | P518: 6 | Q518: DPRO | R518: Z12 | S518: 46311
... A544: AUT | B544: 428479910 | C544: 4284799 | D544: LIBERADA | E544: 46313 | F544: 6 | G544: 3 | I544: 4284799 | J544: 10 | K544: AUT | L544: Realização do troubleshooting 87JX003/04 | M544: Troubleshooting nos paineis 87JX003 e 87 | N544: PERGC-PSSC | O544: SISTEMA AUTOMACAO INDUSTRIAL | P544: 8 | Q544: VEND | R544: Z12 | S544: 46315
A545: MEC | B545: 438639410 | C545: 4386394 | D545: ABERTA | E545: 46311 | F545: 5 | G545: 3 | H545: 46310 | I545: 4386394 | J545: 10 | K545: MEC | L545: LUBR MOTOR COMPR REFRIG PSE-1550 OPM 6M | M545: PSE-1550 LUBR MEC MOTOR COMPR REFRIG | N545: PERGC-FSAL-COZ-01-01 | O545: COZINHA | P545: 2 | Q545: PLANO | R545: Z10 | S545: 46310
A546: CON | B546: 439452110 | C546: 4394521 | D546: ENCERRADA | E546: 46313 | F546: 5 | G546: 3 | I546: 4394521 | J546: 10 | K546: PIN | L546: CORROSÃO FLANGE 13PIT0508 WH DECK | M546: CORROSÃO FLANGE 13PIT0508 WH DECK | N546: PERGC | P546: 12 | Q546: PROG | R546: Z13 | S546: 46539
A547: CON | B547: 439451910 | C547: 4394519 | D547: ENCERRADA | E547: 46314 | F547: 5 | G547: 3 | I547: 4394519 | J547: 10 | K547: PIN | L547: CORROSÃO VÁLV.AR L600 RECEPÇÃO | M547: CORROSÃO VÁLV.AR L600 RECEPÇÃO | N547: PERGC-FSAC-VAL | P547: 12 | Q547: PROG | R547: Z13 | S547: 46539
A548: MEC | B548: 439554510 | C548: 4395545 | D548: ABERTA | E548: 46322 | F548: 5 | G548: 3 | H548: 46301 | I548: 4395545 | J548: 10 | K548: MEC | L548: PSE-1527 MANUT PRV MEC AR COND | M548: MANUT PRV AR COND PSE-1527 MEC 1M | N548: PERGC-FSAR-ARC-01-01-01-01 | P548: 6 | Q548: PROG | R548: Z12 | S548: 46301
A549: MEC | B549: 439803110 | C549: 4398031 | D549: ABERTA | E549: 46322 | F549: 5 | G549: 3 | H549: 46322 | I549: 4398031 | J549: 10 | K549: MEC | L549: PSE-1527 MANUT PRV MEC AR COND | M549: MANUT PRV AR COND PSE-1527 MEC 1M | N549: PERGC-FSAR-ARC-16-04-01 | P549: 6 | Q549: PROG | R549: Z12 | S549: 46322
A550: CON | B550: 439452510 | C550: 4394525 | D550: PARCIAL | E550: 46315 | F550: 5 | G550: 3 | I550: 4394525 | J550: 10 | K550: PIN | L550: CORROSÃO CONT.CILINDROS GER.EMERG | M550: CORROSÃO CONT.CILINDROS GER.EMERG | N550: PERGC-FSGE-MGE | P550: 26 | Q550: PROG | R550: Z13 | S550: 46539
A551: MEC | B551: 439754810 | C551: 4397548 | D551: ABERTA | E551: 46312 | F551: 5 | G551: 3 | H551: 46302 | I551: 4397548 | J551: 10 | K551: MEC | L551: INS-1519 INSP MEC MOTOR DIESEL | M551: INSP MOTOR DIESEL INS-1519 EMN 1M | N551: PERGC-FSGE-MGE-01-07-01 | P551: 2 | Q551: PLANO | R551: Z09 | S551: 46302
A552: MEC | B552: 439754910 | C552: 4397549 | D552: ABERTA | E552: 46312 | F552: 5 | G552: 3 | H552: 46302 | I552: 4397549 | J552: 10 | K552: MEC | L552: PSE-1524 MANUT MEC MOTOR DIESEL | M552: MANUT MOTOR DIESEL PSE-1524 MEC 6M | N552: PERGC-FSGE-MGE-01-07-01 | P552: 36 | Q552: PLANO | R552: Z12 | S552: 46303
A553: ELE | B553: 439803010 | C553: 4398030 | D553: ENCERRADA | E553: 46312 | F553: 5 | G553: 3 | H553: 46319 | I553: 4398030 | J553: 10 | K553: ELE | L553: INS-1200 INSP ELE MOTOR ALTA TENSAO | M553: INSP MOTOR ALTA TENSAO INS-1200 ELE 6M | N553: PERGC-FSGP-GTG-04-07-01 | P553: 8 | Q553: PLANO | R553: Z09 | S553: 46319
A554: CON | B554: 438953110 | C554: 4389531 | D554: ABERTA | E554: 46318 | F554: 5 | G554: 3 | I554: 4389531 | J554: 10 | K554: PIN | L554: PC RI:0005 REL:0185/26 31/03/2026 | M554: PC RI:0005 REL:0185/26 31/03/2026 | N554: DRILC-SSSP-RIS | P554: 24 | Q554: PROG | R554: Z01 | S554: 46843
A555: INS | B555: 435267140 | C555: 4352671 | D555: LIBERADA | E555: 46326 | F555: 5 | G555: 3 | H555: 46302 | I555: 4352671 | J555: 40 | K555: POMMET | L555: 04W RECEIVE IMPLEMENT AND STORE | M555: FLARE GC ANALYZE | N555: 1349-SI-0289 | P555: 1 | Q555: PLANO | R555: Z12 | S555: 46302
A556: MEC | B556: 439831710 | C556: 4398317 | D556: ENCERRADA | E556: 46315 | F556: 5 | G556: 3 | I556: 4398317 | J556: 10 | K556: MEC | L556: TROCAR DA BOMBA VERTICAL 15PH004B | M556: TROCAR DA BOMBA VERTICAL 15PH004B | N556: PERGC-PDAC-DRE-01-01-13-01 | P556: 12 | Q556: DPRO | R556: Z12 | S556: 46430
A557: MEC | B557: 439324910 | C557: 4398318 | D557: ENCERRADA | E557: 46317 | F557: 4 | G557: 2 | I557: 4393249 | J557: 10 | K557: MEC | L557: Substituit as 2 shutoff do sys gás | M557: Vazamento de gás pelo vent de Instrument | N557: PERGC-FSGP-GTG-04-01 | P557: 30 | Q557: DPRO | R557: Z12 | S557: 46402
A558: INS | B558: 439324920 | C558: 4398319 | D558: LIBERADA | E558: 46317 | F558: 4 | G558: 2 | I558: 4393249 | J558: 20 | K558: INS | L558: Suporte do time de instrumentação | M558: Vazamento de gás pelo vent de Instrument | N558: PERGC-FSGP-GTG-04-01 | P558: 6 | Q558: DPRO | R558: Z12 | S558: 46402

Sheet CALC
A1: é do dia? | B1: seq. | C1: total → | D1: =SUM(A2:A3001) | E1: col. Reprogramado → | F1: =IFERROR(MATCH("Reprogramado",BASELINE!$A$1:$ZZ$1,0),0)
A2: =IFERROR(IF(AND(BASELINE!I2<>"",INT(IF(CALC!$F$1>0,IF(N(INDEX(BASELINE!$A2:$ZZ2,CALC!$F$1))>0,N(INDEX(BASELINE!$A2:$ZZ2,CALC!$F$1)),N(BASELINE!E2)),N(BASELINE!E2)))=INT(SIMOPS!$D$3),IFERROR(UPPER(TRIM(BASELINE!D2&"")),"")<>"ENCERRADA"),1,0),0) | B2: =A2
A3: =IFERROR(IF(AND(BASELINE!I3<>"",INT(IF(CALC!$F$1>0,IF(N(INDEX(BASELINE!$A3:$ZZ3,CALC!$F$1))>0,N(INDEX(BASELINE!$A3:$ZZ3,CALC!$F$1)),N(BASELINE!E3)),N(BASELINE!E3)))=INT(SIMOPS!$D$3),IFERROR(UPPER(TRIM(BASELINE!D3&"")),"")<>"ENCERRADA"),1,0),0) | B3: =B2+A3
A4: =IFERROR(IF(AND(BASELINE!I4<>"",INT(IF(CALC!$F$1>0,IF(N(INDEX(BASELINE!$A4:$ZZ4,CALC!$F$1))>0,N(INDEX(BASELINE!$A4:$ZZ4,CALC!$F$1)),N(BASELINE!E4)),N(BASELINE!E4)))=INT(SIMOPS!$D$3),IFERROR(UPPER(TRIM(BASELINE!D4&"")),"")<>"ENCERRADA"),1,0),0) | B4: =B3+A4
A5: =IFERROR(IF(AND(BASELINE!I5<>"",INT(IF(CALC!$F$1>0,IF(N(INDEX(BASELINE!$A5:$ZZ5,CALC!$F$1))>0,N(INDEX(BASELINE!$A5:$ZZ5,CALC!$F$1)),N(BASELINE!E5)),N(BASELINE!E5)))=INT(SIMOPS!$D$3),IFERROR(UPPER(TRIM(BASELINE!D5&"")),"")<>"ENCERRADA"),1,0),0) | B5: =B4+A5
A6: =IFERROR(IF(AND(BASELINE!I6<>"",INT(IF(CALC!$F$1>0,IF(N(INDEX(BASELINE!$A6:$ZZ6,CALC!$F$1))>0,N(INDEX(BASELINE!$A6:$ZZ6,CALC!$F$1)),N(BASELINE!E6)),N(BASELINE!E6)))=INT(SIMOPS!$D$3),IFERROR(UPPER(TRIM(BASELINE!D6&"")),"")<>"ENCERRADA"),1,0),0) | B6: =B5+A6
A7: =IFERROR(IF(AND(BASELINE!I7<>"",INT(IF(CALC!$F$1>0,IF(N(INDEX(BASELINE!$A7:$ZZ7,CALC!$F$1))>0,N(INDEX(BASELINE!$A7:$ZZ7,CALC!$F$1)),N(BASELINE!E7)),N(BASELINE!E7)))=INT(SIMOPS!$D$3),IFERROR(UPPER(TRIM(BASELINE!D7&"")),"")<>"ENCERRADA"),1,0),0) | B7: =B6+A7
A8: =IFERROR(IF(AND(BASELINE!I8<>"",INT(IF(CALC!$F$1>0,IF(N(INDEX(BASELINE!$A8:$ZZ8,CALC!$F$1))>0,N(INDEX(BASELINE!$A8:$ZZ8,CALC!$F$1)),N(BASELINE!E8)),N(BASELINE!E8)))=INT(SIMOPS!$D$3),IFERROR(UPPER(TRIM(BASELINE!D8&"")),"")<>"ENCERRADA"),1,0),0) | B8: =B7+A8
A9: =IFERROR(IF(AND(BASELINE!I9<>"",INT(IF(CALC!$F$1>0,IF(N(INDEX(BASELINE!$A9:$ZZ9,CALC!$F$1))>0,N(INDEX(BASELINE!$A9:$ZZ9,CALC!$F$1)),N(BASELINE!E9)),N(BASELINE!E9)))=INT(SIMOPS!$D$3),IFERROR(UPPER(TRIM(BASELINE!D9&"")),"")<>"ENCERRADA"),1,0),0) | B9: =B8+A9
A10: =IFERROR(IF(AND(BASELINE!I10<>"",INT(IF(CALC!$F$1>0,IF(N(INDEX(BASELINE!$A10:$ZZ10,CALC!$F$1))>0,N(INDEX(BASELINE!$A10:$ZZ10,CALC!$F$1)),N(BASELINE!E10)),N(BASELINE!E10)))=INT(SIMOPS!$D$3),IFERROR(UPPER(TRIM(BASELINE!D10&"")),"")<>"ENCERRADA"),1,0),0) | B10: =B9+A10
A11: =IFERROR(IF(AND(BASELINE!I11<>"",INT(IF(CALC!$F$1>0,IF(N(INDEX(BASELINE!$A11:$ZZ11,CALC!$F$1))>0,N(INDEX(BASELINE!$A11:$ZZ11,CALC!$F$1)),N(BASELINE!E11)),N(BASELINE!E11)))=INT(SIMOPS!$D$3),IFERROR(UPPER(TRIM(BASELINE!D11&"")),"")<>"ENCERRADA"),1,0),0) | B11: =B10+A11
A12: =IFERROR(IF(AND(BASELINE!I12<>"",INT(IF(CALC!$F$1>0,IF(N(INDEX(BASELINE!$A12:$ZZ12,CALC!$F$1))>0,N(INDEX(BASELINE!$A12:$ZZ12,CALC!$F$1)),N(BASELINE!E12)),N(BASELINE!E12)))=INT(SIMOPS!$D$3),IFERROR(UPPER(TRIM(BASELINE!D12&"")),"")<>"ENCERRADA"),1,0),0) | B12: =B11+A12
A13: =IFERROR(IF(AND(BASELINE!I13<>"",INT(IF(CALC!$F$1>0,IF(N(INDEX(BASELINE!$A13:$ZZ13,CALC!$F$1))>0,N(INDEX(BASELINE!$A13:$ZZ13,CALC!$F$1)),N(BASELINE!E13)),N(BASELINE!E13)))=INT(SIMOPS!$D$3),IFERROR(UPPER(TRIM(BASELINE!D13&"")),"")<>"ENCERRADA"),1,0),0) | B13: =B12+A13
A14: =IFERROR(IF(AND(BASELINE!I14<>"",INT(IF(CALC!$F$1>0,IF(N(INDEX(BASELINE!$A14:$ZZ14,CALC!$F$1))>0,N(INDEX(BASELINE!$A14:$ZZ14,CALC!$F$1)),N(BASELINE!E14)),N(BASELINE!E14)))=INT(SIMOPS!$D$3),IFERROR(UPPER(TRIM(BASELINE!D14&"")),"")<>"ENCERRADA"),1,0),0) | B14: =B13+A14
... A3001: =IFERROR(IF(AND(BASELINE!I3001<>"",INT(IF(CALC!$F$1>0,IF(N(INDEX(BASELINE!$A3001:$ZZ3001,CALC!$F$1))>0,N(INDEX(BASELINE!$A3001:$ZZ3001,CALC!$F$1)),N(BASELINE!E3001)),N(BASELINE!E3001)))=INT(SIMOPS!$D$3),IFERROR(UPPER(TRIM(BASELINE!D3001&"")),"")<>"ENCERRADA"),1,0),0) | B3001: =B3000+A3001
